Season,MatchDate,HomeTeam,AwayTeam,FullTimeHomeGoals,FullTimeAwayGoals,FullTimeResult,HalfTimeHomeGoals,HalfTimeAwayGoals,HalfTimeResult,HomeShots,AwayShots,HomeShotsOnTarget,AwayShotsOnTarget,HomeCorners,AwayCorners,HomeFouls,AwayFouls,HomeYellowCards,AwayYellowCards,HomeRedCards,AwayRedCards,Date,FTR_numerical,HomePoints,AwayPoints,HomeTeam_Form,AwayTeam_Form,Home_Weighted_Form,Away_Weighted_Form,Home_Attack_Strength,Home_Defense_Strength,Away_Attack_Strength,Away_Defense_Strength,H2H_HomeWins_Pct,H2H_Draws_Pct,H2H_AwayWins_Pct,H2H_Home_AvgGoals,H2H_Away_AvgGoals,Match_of_the_Season,HomeTeam_ID,AwayTeam_ID
2025/26,2025-08-15,Liverpool,AFC Bournemouth,,,,,,,0.0,0.0,0.0,0.0,0.0,0.0,0.0,0.0,0.0,0.0,0.0,0.0,2025-08-15,,,,9.0,0.0,1.6500000000000001,0.0,1.0,1.0,1.0,1.0,0.0,0.0,0.0,0.0,0.0,1,26,0
2025/26,2025-08-16,Wolves,Man City,,,,,,,0.0,0.0,0.0,0.0,0.0,0.0,0.0,0.0,0.0,0.0,0.0,0.0,2025-08-16,,,,12.0,13.0,2.55,5.8999999999999995,1.0,1.0,1.0,1.0,0.23809523809523808,0.047619047619047616,0.7142857142857143,0.9523809523809523,2.2857142857142856,1,49,28
2025/26,2025-08-16,Sunderland,West Ham,,,,,,,0.0,0.0,0.0,0.0,0.0,0.0,0.0,0.0,0.0,0.0,0.0,0.0,2025-08-16,,,,3.0,3.0,0.0,0.9500000000000001,1.0,1.0,1.0,1.0,0.23076923076923078,0.3076923076923077,0.46153846153846156,0.9230769230769231,1.1923076923076923,1,41,47
2025/26,2025-08-16,Tottenham,Burnley,,,,,,,0.0,0.0,0.0,0.0,0.0,0.0,0.0,0.0,0.0,0.0,0.0,0.0,2025-08-16,,,,4.0,4.0,0.35000000000000003,0.35,1.0,1.0,1.0,1.0,0.6666666666666666,0.16666666666666666,0.16666666666666666,2.111111111111111,0.7777777777777778,1,44,11
2025/26,2025-08-16,Aston Villa,Newcastle,,,,,,,0.0,0.0,0.0,0.0,0.0,0.0,0.0,0.0,0.0,0.0,0.0,0.0,2025-08-16,,,,12.0,10.0,6.449999999999999,3.3999999999999995,1.0,1.0,1.0,1.0,0.2619047619047619,0.3333333333333333,0.40476190476190477,1.0714285714285714,1.380952380952381,1,2,31
2025/26,2025-08-16,Brighton,Fulham,,,,,,,0.0,0.0,0.0,0.0,0.0,0.0,0.0,0.0,0.0,0.0,0.0,0.0,2025-08-16,,,,5.0,6.0,1.55,3.15,1.0,1.0,1.0,1.0,0.1,0.4,0.5,0.9,1.7,1,10,19
2025/26,2025-08-17,Chelsea,Crystal Palace,,,,,,,0.0,0.0,0.0,0.0,0.0,0.0,0.0,0.0,0.0,0.0,0.0,0.0,2025-08-17,,,,11.0,3.0,6.15,2.35,1.0,1.0,1.0,1.0,0.7692307692307693,0.07692307692307693,0.15384615384615385,1.9615384615384615,0.7692307692307693,1,14,16
2025/26,2025-08-17,Nottingham Forest,Brentford,,,,,,,0.0,0.0,0.0,0.0,0.0,0.0,0.0,0.0,0.0,0.0,0.0,0.0,2025-08-17,,,,0.0,11.0,0.0,6.7,1.0,1.0,1.0,1.0,0.0,0.0,0.0,0.0,0.0,1,34,9
2025/26,2025-08-17,Man United,Arsenal,,,,,,,0.0,0.0,0.0,0.0,0.0,0.0,0.0,0.0,0.0,0.0,0.0,0.0,2025-08-17,,,,2.0,6.0,1.55,1.7999999999999998,1.0,1.0,1.0,1.0,0.38,0.28,0.34,1.44,1.26,1,29,1
2025/26,2025-08-18,Leeds,Everton,,,,,,,0.0,0.0,0.0,0.0,0.0,0.0,0.0,0.0,0.0,0.0,0.0,0.0,2025-08-18,,,,1.0,5.0,0.85,3.35,1.0,1.0,1.0,1.0,0.23076923076923078,0.3076923076923077,0.46153846153846156,0.9230769230769231,1.5384615384615385,1,24,18
2025/26,2025-08-22,West Ham,Chelsea,,,,,,,0.0,0.0,0.0,0.0,0.0,0.0,0.0,0.0,0.0,0.0,0.0,0.0,2025-08-22,,,,2.0,10.0,0.0,0.0,1.0,1.0,1.0,1.0,0.22727272727272727,0.1590909090909091,0.6136363636363636,0.9090909090909091,1.9545454545454546,1,47,14
2025/26,2025-08-23,AFC Bournemouth,Wolves,,,,,,,0.0,0.0,0.0,0.0,0.0,0.0,0.0,0.0,0.0,0.0,0.0,0.0,2025-08-23,,,,0.0,9.0,0.0,0.0,1.0,1.0,1.0,1.0,0.0,0.0,0.0,0.0,0.0,1,0,49
2025/26,2025-08-23,Man City,Tottenham,,,,,,,0.0,0.0,0.0,0.0,0.0,0.0,0.0,0.0,0.0,0.0,0.0,0.0,2025-08-23,,,,12.0,1.0,0.0,0.0,1.0,1.0,1.0,1.0,0.3829787234042553,0.1276595744680851,0.48936170212765956,1.5106382978723405,1.425531914893617,1,28,44
2025/26,2025-08-23,Brentford,Aston Villa,,,,,,,0.0,0.0,0.0,0.0,0.0,0.0,0.0,0.0,0.0,0.0,0.0,0.0,2025-08-23,,,,10.0,9.0,0.0,0.0,1.0,1.0,1.0,1.0,0.125,0.375,0.5,1.125,2.0,1,9,2
2025/26,2025-08-23,Burnley,Sunderland,,,,,,,0.0,0.0,0.0,0.0,0.0,0.0,0.0,0.0,0.0,0.0,0.0,0.0,2025-08-23,,,,1.0,3.0,0.0,0.0,1.0,1.0,1.0,1.0,0.3333333333333333,0.3333333333333333,0.3333333333333333,1.3333333333333333,1.0,1,11,41
2025/26,2025-08-23,Arsenal,Leeds,,,,,,,0.0,0.0,0.0,0.0,0.0,0.0,0.0,0.0,0.0,0.0,0.0,0.0,2025-08-23,,,,5.0,1.0,0.0,0.0,1.0,1.0,1.0,1.0,0.6153846153846154,0.15384615384615385,0.23076923076923078,2.230769230769231,1.1538461538461537,1,1,24
2025/26,2025-08-24,Crystal Palace,Nottingham Forest,,,,,,,0.0,0.0,0.0,0.0,0.0,0.0,0.0,0.0,0.0,0.0,0.0,0.0,2025-08-24,,,,3.0,0.0,0.0,0.0,1.0,1.0,1.0,1.0,0.0,0.0,0.0,0.0,0.0,1,16,34
2025/26,2025-08-24,Everton,Brighton,,,,,,,0.0,0.0,0.0,0.0,0.0,0.0,0.0,0.0,0.0,0.0,0.0,0.0,2025-08-24,,,,4.0,5.0,0.0,0.0,1.0,1.0,1.0,1.0,0.4375,0.25,0.3125,1.625,1.3125,1,18,10
2025/26,2025-08-24,Fulham,Man United,,,,,,,0.0,0.0,0.0,0.0,0.0,0.0,0.0,0.0,0.0,0.0,0.0,0.0,2025-08-24,,,,3.0,1.0,0.0,0.0,1.0,1.0,1.0,1.0,0.1111111111111111,0.16666666666666666,0.7222222222222222,0.9722222222222222,2.111111111111111,1,19,29
2025/26,2025-08-25,Newcastle,Liverpool,,,,,,,0.0,0.0,0.0,0.0,0.0,0.0,0.0,0.0,0.0,0.0,0.0,0.0,2025-08-25,,,,7.0,9.0,0.0,0.0,1.0,1.0,1.0,1.0,0.17777777777777778,0.2,0.6222222222222222,0.9111111111111111,2.111111111111111,1,31,26
2025/26,2025-08-30,Leeds,Newcastle,,,,,,,0.0,0.0,0.0,0.0,0.0,0.0,0.0,0.0,0.0,0.0,0.0,0.0,2025-08-30,,,,1.0,4.0,0.0,0.0,1.0,1.0,1.0,1.0,0.21428571428571427,0.2857142857142857,0.5,1.4285714285714286,1.7857142857142858,2,24,31
2025/26,2025-08-30,Wolves,Everton,,,,,,,0.0,0.0,0.0,0.0,0.0,0.0,0.0,0.0,0.0,0.0,0.0,0.0,2025-08-30,,,,6.0,1.0,0.0,0.0,1.0,1.0,1.0,1.0,0.36363636363636365,0.3181818181818182,0.3181818181818182,1.2272727272727273,1.2272727272727273,2,49,18
2025/26,2025-08-30,Tottenham,AFC Bournemouth,,,,,,,0.0,0.0,0.0,0.0,0.0,0.0,0.0,0.0,0.0,0.0,0.0,0.0,2025-08-30,,,,1.0,0.0,0.0,0.0,1.0,1.0,1.0,1.0,0.0,0.0,0.0,0.0,0.0,2,44,0
2025/26,2025-08-30,Man United,Burnley,,,,,,,0.0,0.0,0.0,0.0,0.0,0.0,0.0,0.0,0.0,0.0,0.0,0.0,2025-08-30,,,,1.0,0.0,0.0,0.0,1.0,1.0,1.0,1.0,0.5555555555555556,0.3333333333333333,0.1111111111111111,1.5,0.6666666666666666,2,29,11
2025/26,2025-08-30,Chelsea,Fulham,,,,,,,0.0,0.0,0.0,0.0,0.0,0.0,0.0,0.0,0.0,0.0,0.0,0.0,2025-08-30,,,,9.0,3.0,0.0,0.0,1.0,1.0,1.0,1.0,0.6,0.3142857142857143,0.08571428571428572,1.5714285714285714,0.7142857142857143,2,14,19
2025/26,2025-08-30,Sunderland,Brentford,,,,,,,0.0,0.0,0.0,0.0,0.0,0.0,0.0,0.0,0.0,0.0,0.0,0.0,2025-08-30,,,,0.0,9.0,0.0,0.0,1.0,1.0,1.0,1.0,0.0,0.0,0.0,0.0,0.0,2,41,9
2025/26,2025-08-31,Brighton,Man City,,,,,,,0.0,0.0,0.0,0.0,0.0,0.0,0.0,0.0,0.0,0.0,0.0,0.0,2025-08-31,,,,4.0,9.0,0.0,0.0,1.0,1.0,1.0,1.0,0.125,0.125,0.75,0.8125,2.6875,2,10,28
2025/26,2025-08-31,Nottingham Forest,West Ham,,,,,,,0.0,0.0,0.0,0.0,0.0,0.0,0.0,0.0,0.0,0.0,0.0,0.0,2025-08-31,,,,0.0,2.0,0.0,0.0,1.0,1.0,1.0,1.0,0.0,0.0,0.0,0.0,0.0,2,34,47
2025/26,2025-08-31,Liverpool,Arsenal,,,,,,,0.0,0.0,0.0,0.0,0.0,0.0,0.0,0.0,0.0,0.0,0.0,0.0,2025-08-31,,,,6.0,4.0,0.0,0.0,1.0,1.0,1.0,1.0,0.3191489361702128,0.3829787234042553,0.2978723404255319,1.872340425531915,1.5106382978723405,2,26,1
2025/26,2025-08-31,Aston Villa,Crystal Palace,,,,,,,0.0,0.0,0.0,0.0,0.0,0.0,0.0,0.0,0.0,0.0,0.0,0.0,2025-08-31,,,,6.0,3.0,0.0,0.0,1.0,1.0,1.0,1.0,0.35,0.2,0.45,1.1,1.4,2,2,16
2025/26,2025-09-13,Brentford,Chelsea,,,,,,,0.0,0.0,0.0,0.0,0.0,0.0,0.0,0.0,0.0,0.0,0.0,0.0,2025-09-13,,,,6.0,6.0,0.0,0.0,1.0,1.0,1.0,1.0,0.375,0.375,0.25,1.375,0.75,2,9,14
2025/26,2025-09-13,West Ham,Tottenham,,,,,,,0.0,0.0,0.0,0.0,0.0,0.0,0.0,0.0,0.0,0.0,0.0,0.0,2025-09-13,,,,1.0,1.0,0.0,0.0,1.0,1.0,1.0,1.0,0.25,0.25,0.5,1.0909090909090908,1.5454545454545454,2,47,44
2025/26,2025-09-13,Newcastle,Wolves,,,,,,,0.0,0.0,0.0,0.0,0.0,0.0,0.0,0.0,0.0,0.0,0.0,0.0,2025-09-13,,,,4.0,3.0,0.0,0.0,1.0,1.0,1.0,1.0,0.3684210526315789,0.5263157894736842,0.10526315789473684,1.631578947368421,1.0526315789473684,2,31,49
2025/26,2025-09-13,Fulham,Leeds,,,,,,,0.0,0.0,0.0,0.0,0.0,0.0,0.0,0.0,0.0,0.0,0.0,0.0,2025-09-13,,,,3.0,0.0,0.0,0.0,1.0,1.0,1.0,1.0,0.5,0.1,0.4,1.5,1.4,2,19,24
2025/26,2025-09-13,Everton,Aston Villa,,,,,,,0.0,0.0,0.0,0.0,0.0,0.0,0.0,0.0,0.0,0.0,0.0,0.0,2025-09-13,,,,1.0,3.0,0.0,0.0,1.0,1.0,1.0,1.0,0.25,0.3409090909090909,0.4090909090909091,1.3863636363636365,1.5227272727272727,2,18,2
2025/26,2025-09-13,Crystal Palace,Sunderland,,,,,,,0.0,0.0,0.0,0.0,0.0,0.0,0.0,0.0,0.0,0.0,0.0,0.0,2025-09-13,,,,2.0,0.0,0.0,0.0,1.0,1.0,1.0,1.0,0.375,0.25,0.375,1.625,1.75,2,16,41
2025/26,2025-09-13,AFC Bournemouth,Brighton,,,,,,,0.0,0.0,0.0,0.0,0.0,0.0,0.0,0.0,0.0,0.0,0.0,0.0,2025-09-13,,,,0.0,4.0,0.0,0.0,1.0,1.0,1.0,1.0,0.0,0.0,0.0,0.0,0.0,2,0,10
2025/26,2025-09-13,Arsenal,Nottingham Forest,,,,,,,0.0,0.0,0.0,0.0,0.0,0.0,0.0,0.0,0.0,0.0,0.0,0.0,2025-09-13,,,,1.0,0.0,0.0,0.0,1.0,1.0,1.0,1.0,0.0,0.0,0.0,0.0,0.0,2,1,34
2025/26,2025-09-14,Burnley,Liverpool,,,,,,,0.0,0.0,0.0,0.0,0.0,0.0,0.0,0.0,0.0,0.0,0.0,0.0,2025-09-14,,,,0.0,3.0,0.0,0.0,1.0,1.0,1.0,1.0,0.1111111111111111,0.1111111111111111,0.7777777777777778,0.6111111111111112,2.111111111111111,2,11,26
2025/26,2025-09-14,Man City,Man United,,,,,,,0.0,0.0,0.0,0.0,0.0,0.0,0.0,0.0,0.0,0.0,0.0,0.0,2025-09-14,,,,6.0,1.0,0.0,0.0,1.0,1.0,1.0,1.0,0.4166666666666667,0.1875,0.3958333333333333,1.5625,1.2291666666666667,2,28,29
2025/26,2025-09-20,Fulham,Brentford,,,,,,,0.0,0.0,0.0,0.0,0.0,0.0,0.0,0.0,0.0,0.0,0.0,0.0,2025-09-20,,,,0.0,3.0,0.0,0.0,1.0,1.0,1.0,1.0,0.4,0.2,0.4,1.4,1.8,3,19,9
2025/26,2025-09-20,Man United,Chelsea,,,,,,,0.0,0.0,0.0,0.0,0.0,0.0,0.0,0.0,0.0,0.0,0.0,0.0,2025-09-20,,,,0.0,3.0,0.0,0.0,1.0,1.0,1.0,1.0,0.2916666666666667,0.4166666666666667,0.2916666666666667,1.3125,1.2083333333333333,3,29,14
2025/26,2025-09-20,Wolves,Leeds,,,,,,,0.0,0.0,0.0,0.0,0.0,0.0,0.0,0.0,0.0,0.0,0.0,0.0,2025-09-20,,,,0.0,0.0,0.0,0.0,1.0,1.0,1.0,1.0,0.375,0.125,0.5,1.5,1.875,3,49,24
2025/26,2025-09-20,West Ham,Crystal Palace,,,,,,,0.0,0.0,0.0,0.0,0.0,0.0,0.0,0.0,0.0,0.0,0.0,0.0,2025-09-20,,,,1.0,1.0,0.0,0.0,1.0,1.0,1.0,1.0,0.3333333333333333,0.2916666666666667,0.375,1.6666666666666667,1.6666666666666667,3,47,16
2025/26,2025-09-20,Liverpool,Everton,,,,,,,0.0,0.0,0.0,0.0,0.0,0.0,0.0,0.0,0.0,0.0,0.0,0.0,2025-09-20,,,,0.0,1.0,0.0,0.0,1.0,1.0,1.0,1.0,0.52,0.38,0.1,1.6,0.78,3,26,18
2025/26,2025-09-20,Brighton,Tottenham,,,,,,,0.0,0.0,0.0,0.0,0.0,0.0,0.0,0.0,0.0,0.0,0.0,0.0,2025-09-20,,,,1.0,1.0,0.0,0.0,1.0,1.0,1.0,1.0,0.3333333333333333,0.06666666666666667,0.6,1.2,1.4,3,10,44
2025/26,2025-09-20,AFC Bournemouth,Newcastle,,,,,,,0.0,0.0,0.0,0.0,0.0,0.0,0.0,0.0,0.0,0.0,0.0,0.0,2025-09-20,,,,0.0,1.0,0.0,0.0,1.0,1.0,1.0,1.0,0.0,0.0,0.0,0.0,0.0,3,0,31
2025/26,2025-09-20,Burnley,Nottingham Forest,,,,,,,0.0,0.0,0.0,0.0,0.0,0.0,0.0,0.0,0.0,0.0,0.0,0.0,2025-09-20,,,,0.0,0.0,0.0,0.0,1.0,1.0,1.0,1.0,0.0,0.0,0.0,0.0,0.0,3,11,34
2025/26,2025-09-21,Sunderland,Aston Villa,,,,,,,0.0,0.0,0.0,0.0,0.0,0.0,0.0,0.0,0.0,0.0,0.0,0.0,2025-09-21,,,,0.0,3.0,0.0,0.0,1.0,1.0,1.0,1.0,0.19230769230769232,0.4230769230769231,0.38461538461538464,0.7692307692307693,1.2692307692307692,3,41,2
2025/26,2025-09-21,Arsenal,Man City,,,,,,,0.0,0.0,0.0,0.0,0.0,0.0,0.0,0.0,0.0,0.0,0.0,0.0,2025-09-21,,,,0.0,3.0,0.0,0.0,1.0,1.0,1.0,1.0,0.3958333333333333,0.20833333333333334,0.3958333333333333,1.4583333333333333,1.5,3,1,28
2025/26,2025-09-27,Man City,Burnley,,,,,,,0.0,0.0,0.0,0.0,0.0,0.0,0.0,0.0,0.0,0.0,0.0,0.0,2025-09-27,,,,0.0,0.0,0.0,0.0,1.0,1.0,1.0,1.0,0.7777777777777778,0.16666666666666666,0.05555555555555555,2.8333333333333335,0.6666666666666666,3,28,11
2025/26,2025-09-27,Nottingham Forest,Sunderland (17:30 UK),,,,,,,0.0,0.0,0.0,0.0,0.0,0.0,0.0,0.0,0.0,0.0,0.0,0.0,2025-09-27,,,,0.0,0.0,0.0,0.0,1.0,1.0,1.0,1.0,0.0,0.0,0.0,0.0,0.0,3,34,42
2025/26,2025-09-27,Leeds,AFC Bournemouth,,,,,,,0.0,0.0,0.0,0.0,0.0,0.0,0.0,0.0,0.0,0.0,0.0,0.0,2025-09-27,,,,0.0,0.0,0.0,0.0,1.0,1.0,1.0,1.0,0.0,0.0,0.0,0.0,0.0,3,24,0
2025/26,2025-09-27,Tottenham,Wolves (14:00 UK),,,,,,,0.0,0.0,0.0,0.0,0.0,0.0,0.0,0.0,0.0,0.0,0.0,0.0,2025-09-27,,,,0.0,0.0,0.0,0.0,1.0,1.0,1.0,1.0,0.0,0.0,0.0,0.0,0.0,3,44,50
2025/26,2025-09-27,Chelsea,Brighton,,,,,,,0.0,0.0,0.0,0.0,0.0,0.0,0.0,0.0,0.0,0.0,0.0,0.0,2025-09-27,,,,0.0,0.0,0.0,0.0,1.0,1.0,1.0,1.0,0.5625,0.25,0.1875,1.875,1.1875,3,14,10
2025/26,2025-09-27,Aston Villa,Fulham (15:00 UK),,,,,,,0.0,0.0,0.0,0.0,0.0,0.0,0.0,0.0,0.0,0.0,0.0,0.0,2025-09-27,,,,0.0,0.0,0.0,0.0,1.0,1.0,1.0,1.0,0.0,0.0,0.0,0.0,0.0,3,2,20
2025/26,2025-09-27,Brentford,Man United,,,,,,,0.0,0.0,0.0,0.0,0.0,0.0,0.0,0.0,0.0,0.0,0.0,0.0,2025-09-27,,,,0.0,0.0,0.0,0.0,1.0,1.0,1.0,1.0,0.25,0.125,0.625,1.5,1.875,3,9,29
2025/26,2025-09-27,Crystal Palace,Liverpool,,,,,,,0.0,0.0,0.0,0.0,0.0,0.0,0.0,0.0,0.0,0.0,0.0,0.0,2025-09-27,,,,0.0,0.0,0.0,0.0,1.0,1.0,1.0,1.0,0.20833333333333334,0.125,0.6666666666666666,1.1666666666666667,2.2083333333333335,3,16,26
2025/26,2025-09-27,Newcastle,Arsenal,,,,,,,0.0,0.0,0.0,0.0,0.0,0.0,0.0,0.0,0.0,0.0,0.0,0.0,2025-09-27,,,,0.0,0.0,0.0,0.0,1.0,1.0,1.0,1.0,0.1590909090909091,0.18181818181818182,0.6590909090909091,0.6590909090909091,1.7727272727272727,3,31,1
2025/26,2025-09-28,Everton,West Ham,,,,,,,0.0,0.0,0.0,0.0,0.0,0.0,0.0,0.0,0.0,0.0,0.0,0.0,2025-09-28,,,,0.0,0.0,0.0,0.0,1.0,1.0,1.0,1.0,0.4772727272727273,0.2727272727272727,0.25,1.4545454545454546,0.9545454545454546,3,18,47
2025/26,2025-10-04,Man United,Sunderland,,,,,,,0.0,0.0,0.0,0.0,0.0,0.0,0.0,0.0,0.0,0.0,0.0,0.0,2025-10-04,,,,0.0,0.0,0.0,0.0,1.0,1.0,1.0,1.0,0.75,0.17857142857142858,0.07142857142857142,1.8214285714285714,0.5357142857142857,4,29,41
2025/26,2025-10-04,Leeds,Tottenham,,,,,,,0.0,0.0,0.0,0.0,0.0,0.0,0.0,0.0,0.0,0.0,0.0,0.0,2025-10-04,,,,0.0,0.0,0.0,0.0,1.0,1.0,1.0,1.0,0.2857142857142857,0.07142857142857142,0.6428571428571429,1.4285714285714286,2.2857142857142856,4,24,44
2025/26,2025-10-04,Wolves,Brighton,,,,,,,0.0,0.0,0.0,0.0,0.0,0.0,0.0,0.0,0.0,0.0,0.0,0.0,2025-10-04,,,,0.0,0.0,0.0,0.0,1.0,1.0,1.0,1.0,0.15384615384615385,0.46153846153846156,0.38461538461538464,1.0,1.9230769230769231,4,49,10
2025/26,2025-10-04,Everton,Crystal Palace,,,,,,,0.0,0.0,0.0,0.0,0.0,0.0,0.0,0.0,0.0,0.0,0.0,0.0,2025-10-04,,,,0.0,0.0,0.0,0.0,1.0,1.0,1.0,1.0,0.5,0.38461538461538464,0.11538461538461539,1.6538461538461537,0.9615384615384616,4,18,16
2025/26,2025-10-04,Newcastle,Nottingham Forest,,,,,,,0.0,0.0,0.0,0.0,0.0,0.0,0.0,0.0,0.0,0.0,0.0,0.0,2025-10-04,,,,0.0,0.0,0.0,0.0,1.0,1.0,1.0,1.0,0.0,0.0,0.0,0.0,0.0,4,31,34
2025/26,2025-10-04,Brentford,Man City,,,,,,,0.0,0.0,0.0,0.0,0.0,0.0,0.0,0.0,0.0,0.0,0.0,0.0,2025-10-04,,,,0.0,0.0,0.0,0.0,1.0,1.0,1.0,1.0,0.25,0.125,0.625,0.875,1.5,4,9,28
2025/26,2025-10-04,Aston Villa,Burnley,,,,,,,0.0,0.0,0.0,0.0,0.0,0.0,0.0,0.0,0.0,0.0,0.0,0.0,2025-10-04,,,,0.0,0.0,0.0,0.0,1.0,1.0,1.0,1.0,0.4166666666666667,0.4166666666666667,0.16666666666666666,1.9166666666666667,1.3333333333333333,4,2,11
2025/26,2025-10-04,Arsenal,West Ham,,,,,,,0.0,0.0,0.0,0.0,0.0,0.0,0.0,0.0,0.0,0.0,0.0,0.0,2025-10-04,,,,0.0,0.0,0.0,0.0,1.0,1.0,1.0,1.0,0.6363636363636364,0.20454545454545456,0.1590909090909091,2.1363636363636362,0.9090909090909091,4,1,47
2025/26,2025-10-04,AFC Bournemouth,Fulham,,,,,,,0.0,0.0,0.0,0.0,0.0,0.0,0.0,0.0,0.0,0.0,0.0,0.0,2025-10-04,,,,0.0,0.0,0.0,0.0,1.0,1.0,1.0,1.0,0.0,0.0,0.0,0.0,0.0,4,0,19
2025/26,2025-10-04,Chelsea,Liverpool,,,,,,,0.0,0.0,0.0,0.0,0.0,0.0,0.0,0.0,0.0,0.0,0.0,0.0,2025-10-04,,,,0.0,0.0,0.0,0.0,1.0,1.0,1.0,1.0,0.34,0.3,0.36,1.2,1.2,4,14,26
2025/26,2025-10-18,Tottenham,Aston Villa,,,,,,,0.0,0.0,0.0,0.0,0.0,0.0,0.0,0.0,0.0,0.0,0.0,0.0,2025-10-18,,,,0.0,0.0,0.0,0.0,1.0,1.0,1.0,1.0,0.5238095238095238,0.23809523809523808,0.23809523809523808,1.619047619047619,0.9047619047619048,4,44,2
2025/26,2025-10-18,Sunderland,Wolves,,,,,,,0.0,0.0,0.0,0.0,0.0,0.0,0.0,0.0,0.0,0.0,0.0,0.0,2025-10-18,,,,0.0,0.0,0.0,0.0,1.0,1.0,1.0,1.0,0.16666666666666666,0.16666666666666666,0.6666666666666666,1.6666666666666667,2.0,4,41,49
2025/26,2025-10-18,Nottingham Forest,Chelsea,,,,,,,0.0,0.0,0.0,0.0,0.0,0.0,0.0,0.0,0.0,0.0,0.0,0.0,2025-10-18,,,,0.0,0.0,0.0,0.0,1.0,1.0,1.0,1.0,0.0,0.0,0.0,0.0,0.0,4,34,14
2025/26,2025-10-18,Man City,Everton,,,,,,,0.0,0.0,0.0,0.0,0.0,0.0,0.0,0.0,0.0,0.0,0.0,0.0,2025-10-18,,,,0.0,0.0,0.0,0.0,1.0,1.0,1.0,1.0,0.48936170212765956,0.2127659574468085,0.2978723404255319,1.553191489361702,1.0,4,28,18
2025/26,2025-10-18,West Ham,Brentford,,,,,,,0.0,0.0,0.0,0.0,0.0,0.0,0.0,0.0,0.0,0.0,0.0,0.0,2025-10-18,,,,0.0,0.0,0.0,0.0,1.0,1.0,1.0,1.0,0.125,0.125,0.75,1.0,1.875,4,47,9
2025/26,2025-10-18,Fulham,Arsenal,,,,,,,0.0,0.0,0.0,0.0,0.0,0.0,0.0,0.0,0.0,0.0,0.0,0.0,2025-10-18,,,,0.0,0.0,0.0,0.0,1.0,1.0,1.0,1.0,0.11428571428571428,0.22857142857142856,0.6571428571428571,0.8285714285714286,2.1714285714285713,4,19,1
2025/26,2025-10-18,Crystal Palace,AFC Bournemouth,,,,,,,0.0,0.0,0.0,0.0,0.0,0.0,0.0,0.0,0.0,0.0,0.0,0.0,2025-10-18,,,,0.0,0.0,0.0,0.0,1.0,1.0,1.0,1.0,0.0,0.0,0.0,0.0,0.0,4,16,0
2025/26,2025-10-18,Burnley,Leeds,,,,,,,0.0,0.0,0.0,0.0,0.0,0.0,0.0,0.0,0.0,0.0,0.0,0.0,2025-10-18,,,,0.0,0.0,0.0,0.0,1.0,1.0,1.0,1.0,0.0,0.25,0.75,0.5,2.25,4,11,24
2025/26,2025-10-18,Brighton,Newcastle,,,,,,,0.0,0.0,0.0,0.0,0.0,0.0,0.0,0.0,0.0,0.0,0.0,0.0,2025-10-18,,,,0.0,0.0,0.0,0.0,1.0,1.0,1.0,1.0,0.375,0.5,0.125,1.125,0.6875,4,10,31
2025/26,2025-10-18,Liverpool,Man United,,,,,,,0.0,0.0,0.0,0.0,0.0,0.0,0.0,0.0,0.0,0.0,0.0,0.0,2025-10-18,,,,0.0,0.0,0.0,0.0,1.0,1.0,1.0,1.0,0.36,0.22,0.42,1.42,1.14,4,26,29
2025/26,2025-10-25,Wolves,Burnley,,,,,,,0.0,0.0,0.0,0.0,0.0,0.0,0.0,0.0,0.0,0.0,0.0,0.0,2025-10-25,,,,0.0,0.0,0.0,0.0,1.0,1.0,1.0,1.0,0.3333333333333333,0.3333333333333333,0.3333333333333333,0.8333333333333334,1.0833333333333333,5,49,11
2025/26,2025-10-25,Newcastle,Fulham,,,,,,,0.0,0.0,0.0,0.0,0.0,0.0,0.0,0.0,0.0,0.0,0.0,0.0,2025-10-25,,,,0.0,0.0,0.0,0.0,1.0,1.0,1.0,1.0,0.42424242424242425,0.15151515151515152,0.42424242424242425,1.3333333333333333,1.1818181818181819,5,31,19
2025/26,2025-10-25,Man United,Brighton,,,,,,,0.0,0.0,0.0,0.0,0.0,0.0,0.0,0.0,0.0,0.0,0.0,0.0,2025-10-25,,,,0.0,0.0,0.0,0.0,1.0,1.0,1.0,1.0,0.5,0.0,0.5,1.5,1.5,5,29,10
2025/26,2025-10-25,Leeds,West Ham,,,,,,,0.0,0.0,0.0,0.0,0.0,0.0,0.0,0.0,0.0,0.0,0.0,0.0,2025-10-25,,,,0.0,0.0,0.0,0.0,1.0,1.0,1.0,1.0,0.4166666666666667,0.16666666666666666,0.4166666666666667,1.5,1.4166666666666667,5,24,47
2025/26,2025-10-25,Everton,Tottenham,,,,,,,0.0,0.0,0.0,0.0,0.0,0.0,0.0,0.0,0.0,0.0,0.0,0.0,2025-10-25,,,,0.0,0.0,0.0,0.0,1.0,1.0,1.0,1.0,0.16326530612244897,0.3877551020408163,0.4489795918367347,1.0,1.6938775510204083,5,18,44
2025/26,2025-10-25,Chelsea,Sunderland,,,,,,,0.0,0.0,0.0,0.0,0.0,0.0,0.0,0.0,0.0,0.0,0.0,0.0,2025-10-25,,,,0.0,0.0,0.0,0.0,1.0,1.0,1.0,1.0,0.75,0.07142857142857142,0.17857142857142858,2.392857142857143,1.1071428571428572,5,14,41
2025/26,2025-10-25,Aston Villa,Man City,,,,,,,0.0,0.0,0.0,0.0,0.0,0.0,0.0,0.0,0.0,0.0,0.0,0.0,2025-10-25,,,,0.0,0.0,0.0,0.0,1.0,1.0,1.0,1.0,0.2,0.125,0.675,0.95,2.2,5,2,28
2025/26,2025-10-25,Arsenal,Crystal Palace,,,,,,,0.0,0.0,0.0,0.0,0.0,0.0,0.0,0.0,0.0,0.0,0.0,0.0,2025-10-25,,,,0.0,0.0,0.0,0.0,1.0,1.0,1.0,1.0,0.5769230769230769,0.3076923076923077,0.11538461538461539,2.1923076923076925,1.1538461538461537,5,1,16
2025/26,2025-10-25,AFC Bournemouth,Nottingham Forest,,,,,,,0.0,0.0,0.0,0.0,0.0,0.0,0.0,0.0,0.0,0.0,0.0,0.0,2025-10-25,,,,0.0,0.0,0.0,0.0,1.0,1.0,1.0,1.0,0.0,0.0,0.0,0.0,0.0,5,0,34
2025/26,2025-10-25,Brentford,Liverpool,,,,,,,0.0,0.0,0.0,0.0,0.0,0.0,0.0,0.0,0.0,0.0,0.0,0.0,2025-10-25,,,,0.0,0.0,0.0,0.0,1.0,1.0,1.0,1.0,0.125,0.125,0.75,0.875,2.375,5,9,26
2025/26,2025-11-01,Nottingham Forest,Man United,,,,,,,0.0,0.0,0.0,0.0,0.0,0.0,0.0,0.0,0.0,0.0,0.0,0.0,2025-11-01,,,,0.0,0.0,0.0,0.0,1.0,1.0,1.0,1.0,0.0,0.0,0.0,0.0,0.0,5,34,29
2025/26,2025-11-01,Tottenham,Chelsea,,,,,,,0.0,0.0,0.0,0.0,0.0,0.0,0.0,0.0,0.0,0.0,0.0,0.0,2025-11-01,,,,0.0,0.0,0.0,0.0,1.0,1.0,1.0,1.0,0.16326530612244897,0.2857142857142857,0.5510204081632653,1.0204081632653061,1.8571428571428572,5,44,14
2025/26,2025-11-01,Sunderland,Everton,,,,,,,0.0,0.0,0.0,0.0,0.0,0.0,0.0,0.0,0.0,0.0,0.0,0.0,2025-11-01,,,,0.0,0.0,0.0,0.0,1.0,1.0,1.0,1.0,0.21428571428571427,0.21428571428571427,0.5714285714285714,0.8571428571428571,1.75,5,41,18
2025/26,2025-11-01,Man City,AFC Bournemouth,,,,,,,0.0,0.0,0.0,0.0,0.0,0.0,0.0,0.0,0.0,0.0,0.0,0.0,2025-11-01,,,,0.0,0.0,0.0,0.0,1.0,1.0,1.0,1.0,0.0,0.0,0.0,0.0,0.0,5,28,0
2025/26,2025-11-01,West Ham,Newcastle,,,,,,,0.0,0.0,0.0,0.0,0.0,0.0,0.0,0.0,0.0,0.0,0.0,0.0,2025-11-01,,,,0.0,0.0,0.0,0.0,1.0,1.0,1.0,1.0,0.25,0.275,0.475,1.35,1.825,5,47,31
2025/26,2025-11-01,Fulham,Wolves,,,,,,,0.0,0.0,0.0,0.0,0.0,0.0,0.0,0.0,0.0,0.0,0.0,0.0,2025-11-01,,,,0.0,0.0,0.0,0.0,1.0,1.0,1.0,1.0,0.2222222222222222,0.3333333333333333,0.4444444444444444,1.0555555555555556,1.2222222222222223,5,19,49
2025/26,2025-11-01,Brighton,Leeds,,,,,,,0.0,0.0,0.0,0.0,0.0,0.0,0.0,0.0,0.0,0.0,0.0,0.0,2025-11-01,,,,0.0,0.0,0.0,0.0,1.0,1.0,1.0,1.0,0.5,0.5,0.0,1.1666666666666667,0.5,5,10,24
2025/26,2025-11-01,Liverpool,Aston Villa,,,,,,,0.0,0.0,0.0,0.0,0.0,0.0,0.0,0.0,0.0,0.0,0.0,0.0,2025-11-01,,,,0.0,0.0,0.0,0.0,1.0,1.0,1.0,1.0,0.6046511627906976,0.2558139534883721,0.13953488372093023,1.8604651162790697,1.0,5,26,2
2025/26,2025-11-01,Crystal Palace,Brentford,,,,,,,0.0,0.0,0.0,0.0,0.0,0.0,0.0,0.0,0.0,0.0,0.0,0.0,2025-11-01,,,,0.0,0.0,0.0,0.0,1.0,1.0,1.0,1.0,0.125,0.625,0.25,1.0,1.0,5,16,9
2025/26,2025-11-01,Burnley,Arsenal,,,,,,,0.0,0.0,0.0,0.0,0.0,0.0,0.0,0.0,0.0,0.0,0.0,0.0,2025-11-01,,,,0.0,0.0,0.0,0.0,1.0,1.0,1.0,1.0,0.05555555555555555,0.2222222222222222,0.7222222222222222,0.5,1.9444444444444444,5,11,1
2025/26,2025-11-08,West Ham,Burnley,,,,,,,0.0,0.0,0.0,0.0,0.0,0.0,0.0,0.0,0.0,0.0,0.0,0.0,2025-11-08,,,,0.0,0.0,0.0,0.0,1.0,1.0,1.0,1.0,0.5,0.2222222222222222,0.2777777777777778,1.4444444444444444,1.3333333333333333,6,47,11
2025/26,2025-11-08,Tottenham,Man United,,,,,,,0.0,0.0,0.0,0.0,0.0,0.0,0.0,0.0,0.0,0.0,0.0,0.0,2025-11-08,,,,0.0,0.0,0.0,0.0,1.0,1.0,1.0,1.0,0.22,0.22,0.56,1.08,1.66,6,44,29
2025/26,2025-11-08,Sunderland,Arsenal,,,,,,,0.0,0.0,0.0,0.0,0.0,0.0,0.0,0.0,0.0,0.0,0.0,0.0,2025-11-08,,,,0.0,0.0,0.0,0.0,1.0,1.0,1.0,1.0,0.07142857142857142,0.32142857142857145,0.6071428571428571,0.6071428571428571,1.7857142857142858,6,41,1
2025/26,2025-11-08,Man City,Liverpool,,,,,,,0.0,0.0,0.0,0.0,0.0,0.0,0.0,0.0,0.0,0.0,0.0,0.0,2025-11-08,,,,0.0,0.0,0.0,0.0,1.0,1.0,1.0,1.0,0.22916666666666666,0.3541666666666667,0.4166666666666667,1.375,1.4583333333333333,6,28,26
2025/26,2025-11-08,Nottingham Forest,Leeds,,,,,,,0.0,0.0,0.0,0.0,0.0,0.0,0.0,0.0,0.0,0.0,0.0,0.0,2025-11-08,,,,0.0,0.0,0.0,0.0,1.0,1.0,1.0,1.0,0.0,0.0,0.0,0.0,0.0,6,34,24
2025/26,2025-11-08,Crystal Palace,Brighton,,,,,,,0.0,0.0,0.0,0.0,0.0,0.0,0.0,0.0,0.0,0.0,0.0,0.0,2025-11-08,,,,0.0,0.0,0.0,0.0,1.0,1.0,1.0,1.0,0.3125,0.4375,0.25,1.25,1.3125,6,16,10
2025/26,2025-11-08,Chelsea,Wolves,,,,,,,0.0,0.0,0.0,0.0,0.0,0.0,0.0,0.0,0.0,0.0,0.0,0.0,2025-11-08,,,,0.0,0.0,0.0,0.0,1.0,1.0,1.0,1.0,0.5454545454545454,0.18181818181818182,0.2727272727272727,2.272727272727273,1.0454545454545454,6,14,49
2025/26,2025-11-08,Brentford,Newcastle,,,,,,,0.0,0.0,0.0,0.0,0.0,0.0,0.0,0.0,0.0,0.0,0.0,0.0,2025-11-08,,,,0.0,0.0,0.0,0.0,1.0,1.0,1.0,1.0,0.125,0.125,0.75,1.5,2.625,6,9,31
2025/26,2025-11-08,Aston Villa,AFC Bournemouth,,,,,,,0.0,0.0,0.0,0.0,0.0,0.0,0.0,0.0,0.0,0.0,0.0,0.0,2025-11-08,,,,0.0,0.0,0.0,0.0,1.0,1.0,1.0,1.0,0.0,0.0,0.0,0.0,0.0,6,2,0
2025/26,2025-11-08,Everton,Fulham,,,,,,,0.0,0.0,0.0,0.0,0.0,0.0,0.0,0.0,0.0,0.0,0.0,0.0,2025-11-08,,,,0.0,0.0,0.0,0.0,1.0,1.0,1.0,1.0,0.5294117647058824,0.14705882352941177,0.3235294117647059,1.5294117647058822,0.9705882352941176,6,18,19
2025/26,2025-11-22,Wolves,Crystal Palace,,,,,,,0.0,0.0,0.0,0.0,0.0,0.0,0.0,0.0,0.0,0.0,0.0,0.0,2025-11-22,,,,0.0,0.0,0.0,0.0,1.0,1.0,1.0,1.0,0.3076923076923077,0.15384615384615385,0.5384615384615384,1.0769230769230769,1.3846153846153846,6,49,16
2025/26,2025-11-22,Newcastle,Man City,,,,,,,0.0,0.0,0.0,0.0,0.0,0.0,0.0,0.0,0.0,0.0,0.0,0.0,2025-11-22,,,,0.0,0.0,0.0,0.0,1.0,1.0,1.0,1.0,0.13636363636363635,0.1590909090909091,0.7045454545454546,0.8409090909090909,2.272727272727273,6,31,28
2025/26,2025-11-22,Man United,Everton,,,,,,,0.0,0.0,0.0,0.0,0.0,0.0,0.0,0.0,0.0,0.0,0.0,0.0,2025-11-22,,,,0.0,0.0,0.0,0.0,1.0,1.0,1.0,1.0,0.6,0.24,0.16,1.84,1.0,6,29,18
2025/26,2025-11-22,Liverpool,Nottingham Forest,,,,,,,0.0,0.0,0.0,0.0,0.0,0.0,0.0,0.0,0.0,0.0,0.0,0.0,2025-11-22,,,,0.0,0.0,0.0,0.0,1.0,1.0,1.0,1.0,0.0,0.0,0.0,0.0,0.0,6,26,34
2025/26,2025-11-22,Leeds,Aston Villa,,,,,,,0.0,0.0,0.0,0.0,0.0,0.0,0.0,0.0,0.0,0.0,0.0,0.0,2025-11-22,,,,0.0,0.0,0.0,0.0,1.0,1.0,1.0,1.0,0.2857142857142857,0.35714285714285715,0.35714285714285715,1.0714285714285714,1.1428571428571428,6,24,2
2025/26,2025-11-22,Fulham,Sunderland,,,,,,,0.0,0.0,0.0,0.0,0.0,0.0,0.0,0.0,0.0,0.0,0.0,0.0,2025-11-22,,,,0.0,0.0,0.0,0.0,1.0,1.0,1.0,1.0,0.4,0.35,0.25,1.15,0.95,6,19,41
2025/26,2025-11-22,Brighton,Brentford,,,,,,,0.0,0.0,0.0,0.0,0.0,0.0,0.0,0.0,0.0,0.0,0.0,0.0,2025-11-22,,,,0.0,0.0,0.0,0.0,1.0,1.0,1.0,1.0,0.375,0.375,0.25,1.25,1.25,6,10,9
2025/26,2025-11-22,Arsenal,Tottenham,,,,,,,0.0,0.0,0.0,0.0,0.0,0.0,0.0,0.0,0.0,0.0,0.0,0.0,2025-11-22,,,,0.0,0.0,0.0,0.0,1.0,1.0,1.0,1.0,0.4489795918367347,0.3469387755102041,0.20408163265306123,1.8775510204081634,1.3673469387755102,6,1,44
2025/26,2025-11-22,AFC Bournemouth,West Ham,,,,,,,0.0,0.0,0.0,0.0,0.0,0.0,0.0,0.0,0.0,0.0,0.0,0.0,2025-11-22,,,,0.0,0.0,0.0,0.0,1.0,1.0,1.0,1.0,0.0,0.0,0.0,0.0,0.0,6,0,47
2025/26,2025-11-22,Burnley,Chelsea,,,,,,,0.0,0.0,0.0,0.0,0.0,0.0,0.0,0.0,0.0,0.0,0.0,0.0,2025-11-22,,,,0.0,0.0,0.0,0.0,1.0,1.0,1.0,1.0,0.05555555555555555,0.2777777777777778,0.6666666666666666,0.8888888888888888,2.5555555555555554,6,11,14
2025/26,2025-11-29,West Ham,Liverpool,,,,,,,0.0,0.0,0.0,0.0,0.0,0.0,0.0,0.0,0.0,0.0,0.0,0.0,2025-11-29,,,,0.0,0.0,0.0,0.0,1.0,1.0,1.0,1.0,0.13636363636363635,0.1590909090909091,0.7045454545454546,0.9318181818181818,2.1818181818181817,7,47,26
2025/26,2025-11-29,Tottenham,Fulham,,,,,,,0.0,0.0,0.0,0.0,0.0,0.0,0.0,0.0,0.0,0.0,0.0,0.0,2025-11-29,,,,0.0,0.0,0.0,0.0,1.0,1.0,1.0,1.0,0.5277777777777778,0.2222222222222222,0.25,1.5,0.9444444444444444,7,44,19
2025/26,2025-11-29,Sunderland,AFC Bournemouth,,,,,,,0.0,0.0,0.0,0.0,0.0,0.0,0.0,0.0,0.0,0.0,0.0,0.0,2025-11-29,,,,0.0,0.0,0.0,0.0,1.0,1.0,1.0,1.0,0.0,0.0,0.0,0.0,0.0,7,41,0
2025/26,2025-11-29,Nottingham Forest,Brighton,,,,,,,0.0,0.0,0.0,0.0,0.0,0.0,0.0,0.0,0.0,0.0,0.0,0.0,2025-11-29,,,,0.0,0.0,0.0,0.0,1.0,1.0,1.0,1.0,0.0,0.0,0.0,0.0,0.0,7,34,10
2025/26,2025-11-29,Man City,Leeds,,,,,,,0.0,0.0,0.0,0.0,0.0,0.0,0.0,0.0,0.0,0.0,0.0,0.0,2025-11-29,,,,0.0,0.0,0.0,0.0,1.0,1.0,1.0,1.0,0.5,0.16666666666666666,0.3333333333333333,2.0,1.4166666666666667,7,28,24
2025/26,2025-11-29,Everton,Newcastle,,,,,,,0.0,0.0,0.0,0.0,0.0,0.0,0.0,0.0,0.0,0.0,0.0,0.0,2025-11-29,,,,0.0,0.0,0.0,0.0,1.0,1.0,1.0,1.0,0.4090909090909091,0.25,0.3409090909090909,1.5227272727272727,1.4090909090909092,7,18,31
2025/26,2025-11-29,Chelsea,Arsenal,,,,,,,0.0,0.0,0.0,0.0,0.0,0.0,0.0,0.0,0.0,0.0,0.0,0.0,2025-11-29,,,,0.0,0.0,0.0,0.0,1.0,1.0,1.0,1.0,0.34,0.32,0.34,1.42,1.34,7,14,1
2025/26,2025-11-29,Brentford,Burnley,,,,,,,0.0,0.0,0.0,0.0,0.0,0.0,0.0,0.0,0.0,0.0,0.0,0.0,2025-11-29,,,,0.0,0.0,0.0,0.0,1.0,1.0,1.0,1.0,0.5,0.0,0.5,1.75,1.25,7,9,11
2025/26,2025-11-29,Aston Villa,Wolves,,,,,,,0.0,0.0,0.0,0.0,0.0,0.0,0.0,0.0,0.0,0.0,0.0,0.0,2025-11-29,,,,0.0,0.0,0.0,0.0,1.0,1.0,1.0,1.0,0.35,0.3,0.35,1.35,1.15,7,2,49
2025/26,2025-11-29,Crystal Palace,Man United,,,,,,,0.0,0.0,0.0,0.0,0.0,0.0,0.0,0.0,0.0,0.0,0.0,0.0,2025-11-29,,,,0.0,0.0,0.0,0.0,1.0,1.0,1.0,1.0,0.23076923076923078,0.23076923076923078,0.5384615384615384,0.8461538461538461,1.3846153846153846,7,16,29
2025/26,2025-12-03,Liverpool,Sunderland,,,,,,,0.0,0.0,0.0,0.0,0.0,0.0,0.0,0.0,0.0,0.0,0.0,0.0,2025-12-03,,,,0.0,0.0,0.0,0.0,1.0,1.0,1.0,1.0,0.5714285714285714,0.32142857142857145,0.10714285714285714,1.4642857142857142,0.5714285714285714,7,26,41
2025/26,2025-12-03,Newcastle,Tottenham,,,,,,,0.0,0.0,0.0,0.0,0.0,0.0,0.0,0.0,0.0,0.0,0.0,0.0,2025-12-03,,,,0.0,0.0,0.0,0.0,1.0,1.0,1.0,1.0,0.4782608695652174,0.08695652173913043,0.43478260869565216,1.6304347826086956,1.565217391304348,7,31,44
2025/26,2025-12-03,Man United,West Ham,,,,,,,0.0,0.0,0.0,0.0,0.0,0.0,0.0,0.0,0.0,0.0,0.0,0.0,2025-12-03,,,,0.0,0.0,0.0,0.0,1.0,1.0,1.0,1.0,0.5813953488372093,0.18604651162790697,0.23255813953488372,1.744186046511628,0.9069767441860465,7,29,47
2025/26,2025-12-03,Leeds,Chelsea,,,,,,,0.0,0.0,0.0,0.0,0.0,0.0,0.0,0.0,0.0,0.0,0.0,0.0,2025-12-03,,,,0.0,0.0,0.0,0.0,1.0,1.0,1.0,1.0,0.23076923076923078,0.3076923076923077,0.46153846153846156,1.0769230769230769,1.3076923076923077,7,24,14
2025/26,2025-12-03,Wolves,Nottingham Forest,,,,,,,0.0,0.0,0.0,0.0,0.0,0.0,0.0,0.0,0.0,0.0,0.0,0.0,2025-12-03,,,,0.0,0.0,0.0,0.0,1.0,1.0,1.0,1.0,0.0,0.0,0.0,0.0,0.0,7,49,34
2025/26,2025-12-03,Burnley,Crystal Palace,,,,,,,0.0,0.0,0.0,0.0,0.0,0.0,0.0,0.0,0.0,0.0,0.0,0.0,2025-12-03,,,,0.0,0.0,0.0,0.0,1.0,1.0,1.0,1.0,0.375,0.1875,0.4375,1.125,1.375,7,11,16
2025/26,2025-12-03,AFC Bournemouth,Everton,,,,,,,0.0,0.0,0.0,0.0,0.0,0.0,0.0,0.0,0.0,0.0,0.0,0.0,2025-12-03,,,,0.0,0.0,0.0,0.0,1.0,1.0,1.0,1.0,0.0,0.0,0.0,0.0,0.0,7,0,18
2025/26,2025-12-03,Fulham,Man City,,,,,,,0.0,0.0,0.0,0.0,0.0,0.0,0.0,0.0,0.0,0.0,0.0,0.0,2025-12-03,,,,0.0,0.0,0.0,0.0,1.0,1.0,1.0,1.0,0.12121212121212122,0.2727272727272727,0.6060606060606061,1.0909090909090908,2.3333333333333335,7,19,28
2025/26,2025-12-03,Brighton,Aston Villa,,,,,,,0.0,0.0,0.0,0.0,0.0,0.0,0.0,0.0,0.0,0.0,0.0,0.0,2025-12-03,,,,0.0,0.0,0.0,0.0,1.0,1.0,1.0,1.0,0.16666666666666666,0.25,0.5833333333333334,0.8333333333333334,1.9166666666666667,7,10,2
2025/26,2025-12-03,Arsenal,Brentford,,,,,,,0.0,0.0,0.0,0.0,0.0,0.0,0.0,0.0,0.0,0.0,0.0,0.0,2025-12-03,,,,0.0,0.0,0.0,0.0,1.0,1.0,1.0,1.0,0.625,0.25,0.125,1.625,0.875,7,1,9
2025/26,2025-12-06,AFC Bournemouth,Chelsea,,,,,,,0.0,0.0,0.0,0.0,0.0,0.0,0.0,0.0,0.0,0.0,0.0,0.0,2025-12-06,,,,0.0,0.0,0.0,0.0,1.0,1.0,1.0,1.0,0.0,0.0,0.0,0.0,0.0,8,0,14
2025/26,2025-12-06,Aston Villa,Arsenal,,,,,,,0.0,0.0,0.0,0.0,0.0,0.0,0.0,0.0,0.0,0.0,0.0,0.0,2025-12-06,,,,0.0,0.0,0.0,0.0,1.0,1.0,1.0,1.0,0.18181818181818182,0.20454545454545456,0.6136363636363636,0.9090909090909091,1.8409090909090908,8,2,1
2025/26,2025-12-06,Brighton,West Ham,,,,,,,0.0,0.0,0.0,0.0,0.0,0.0,0.0,0.0,0.0,0.0,0.0,0.0,2025-12-06,,,,0.0,0.0,0.0,0.0,1.0,1.0,1.0,1.0,0.4375,0.5,0.0625,1.9375,1.125,8,10,47
2025/26,2025-12-06,Everton,Nottingham Forest,,,,,,,0.0,0.0,0.0,0.0,0.0,0.0,0.0,0.0,0.0,0.0,0.0,0.0,2025-12-06,,,,0.0,0.0,0.0,0.0,1.0,1.0,1.0,1.0,0.0,0.0,0.0,0.0,0.0,8,18,34
2025/26,2025-12-06,Fulham,Crystal Palace,,,,,,,0.0,0.0,0.0,0.0,0.0,0.0,0.0,0.0,0.0,0.0,0.0,0.0,2025-12-06,,,,0.0,0.0,0.0,0.0,1.0,1.0,1.0,1.0,0.2857142857142857,0.35714285714285715,0.35714285714285715,1.2857142857142858,1.2142857142857142,8,19,16
2025/26,2025-12-06,Leeds,Liverpool,,,,,,,0.0,0.0,0.0,0.0,0.0,0.0,0.0,0.0,0.0,0.0,0.0,0.0,2025-12-06,,,,0.0,0.0,0.0,0.0,1.0,1.0,1.0,1.0,0.21428571428571427,0.21428571428571427,0.5714285714285714,1.2857142857142858,2.7857142857142856,8,24,26
2025/26,2025-12-06,Man City,Sunderland,,,,,,,0.0,0.0,0.0,0.0,0.0,0.0,0.0,0.0,0.0,0.0,0.0,0.0,2025-12-06,,,,0.0,0.0,0.0,0.0,1.0,1.0,1.0,1.0,0.6923076923076923,0.11538461538461539,0.19230769230769232,2.1153846153846154,0.9230769230769231,8,28,41
2025/26,2025-12-06,Newcastle,Burnley,,,,,,,0.0,0.0,0.0,0.0,0.0,0.0,0.0,0.0,0.0,0.0,0.0,0.0,2025-12-06,,,,0.0,0.0,0.0,0.0,1.0,1.0,1.0,1.0,0.5714285714285714,0.2857142857142857,0.14285714285714285,1.6428571428571428,0.8571428571428571,8,31,11
2025/26,2025-12-06,Tottenham,Brentford,,,,,,,0.0,0.0,0.0,0.0,0.0,0.0,0.0,0.0,0.0,0.0,0.0,0.0,2025-12-06,,,,0.0,0.0,0.0,0.0,1.0,1.0,1.0,1.0,0.5,0.375,0.125,1.875,1.25,8,44,9
2025/26,2025-12-06,Wolves,Man United,,,,,,,0.0,0.0,0.0,0.0,0.0,0.0,0.0,0.0,0.0,0.0,0.0,0.0,2025-12-06,,,,0.0,0.0,0.0,0.0,1.0,1.0,1.0,1.0,0.2727272727272727,0.13636363636363635,0.5909090909090909,0.7727272727272727,1.4545454545454546,8,49,29
2025/26,2025-12-13,West Ham,Aston Villa,,,,,,,0.0,0.0,0.0,0.0,0.0,0.0,0.0,0.0,0.0,0.0,0.0,0.0,2025-12-13,,,,0.0,0.0,0.0,0.0,1.0,1.0,1.0,1.0,0.2894736842105263,0.42105263157894735,0.2894736842105263,1.2105263157894737,1.1578947368421053,8,47,2
2025/26,2025-12-13,Sunderland,Newcastle,,,,,,,0.0,0.0,0.0,0.0,0.0,0.0,0.0,0.0,0.0,0.0,0.0,0.0,2025-12-13,,,,0.0,0.0,0.0,0.0,1.0,1.0,1.0,1.0,0.3333333333333333,0.3333333333333333,0.3333333333333333,1.2083333333333333,1.25,8,41,31
2025/26,2025-12-13,Nottingham Forest,Tottenham,,,,,,,0.0,0.0,0.0,0.0,0.0,0.0,0.0,0.0,0.0,0.0,0.0,0.0,2025-12-13,,,,0.0,0.0,0.0,0.0,1.0,1.0,1.0,1.0,0.0,0.0,0.0,0.0,0.0,8,34,44
2025/26,2025-12-13,Liverpool,Brighton,,,,,,,0.0,0.0,0.0,0.0,0.0,0.0,0.0,0.0,0.0,0.0,0.0,0.0,2025-12-13,,,,0.0,0.0,0.0,0.0,1.0,1.0,1.0,1.0,0.6,0.26666666666666666,0.13333333333333333,2.0,1.1333333333333333,8,26,10
2025/26,2025-12-13,Man United,AFC Bournemouth,,,,,,,0.0,0.0,0.0,0.0,0.0,0.0,0.0,0.0,0.0,0.0,0.0,0.0,2025-12-13,,,,0.0,0.0,0.0,0.0,1.0,1.0,1.0,1.0,0.0,0.0,0.0,0.0,0.0,8,29,0
2025/26,2025-12-13,Chelsea,Everton,,,,,,,0.0,0.0,0.0,0.0,0.0,0.0,0.0,0.0,0.0,0.0,0.0,0.0,2025-12-13,,,,0.0,0.0,0.0,0.0,1.0,1.0,1.0,1.0,0.4897959183673469,0.2857142857142857,0.22448979591836735,1.5918367346938775,0.8979591836734694,8,14,18
2025/26,2025-12-13,Arsenal,Wolves,,,,,,,0.0,0.0,0.0,0.0,0.0,0.0,0.0,0.0,0.0,0.0,0.0,0.0,2025-12-13,,,,0.0,0.0,0.0,0.0,1.0,1.0,1.0,1.0,0.7272727272727273,0.13636363636363635,0.13636363636363635,1.9545454545454546,0.6363636363636364,8,1,49
2025/26,2025-12-13,Crystal Palace,Man City,,,,,,,0.0,0.0,0.0,0.0,0.0,0.0,0.0,0.0,0.0,0.0,0.0,0.0,2025-12-13,,,,0.0,0.0,0.0,0.0,1.0,1.0,1.0,1.0,0.11538461538461539,0.19230769230769232,0.6923076923076923,0.8846153846153846,2.3846153846153846,8,16,28
2025/26,2025-12-13,Burnley,Fulham,,,,,,,0.0,0.0,0.0,0.0,0.0,0.0,0.0,0.0,0.0,0.0,0.0,0.0,2025-12-13,,,,0.0,0.0,0.0,0.0,1.0,1.0,1.0,1.0,0.375,0.375,0.25,1.5,1.5,8,11,19
2025/26,2025-12-13,Brentford,Leeds,,,,,,,0.0,0.0,0.0,0.0,0.0,0.0,0.0,0.0,0.0,0.0,0.0,0.0,2025-12-13,,,,0.0,0.0,0.0,0.0,1.0,1.0,1.0,1.0,0.25,0.5,0.25,2.0,1.5,8,9,24
2025/26,2025-12-20,Wolves,Brentford,,,,,,,0.0,0.0,0.0,0.0,0.0,0.0,0.0,0.0,0.0,0.0,0.0,0.0,2025-12-20,,,,0.0,0.0,0.0,0.0,1.0,1.0,1.0,1.0,0.42857142857142855,0.14285714285714285,0.42857142857142855,1.7142857142857142,1.7142857142857142,9,49,9
2025/26,2025-12-20,Tottenham,Liverpool,,,,,,,0.0,0.0,0.0,0.0,0.0,0.0,0.0,0.0,0.0,0.0,0.0,0.0,2025-12-20,,,,0.0,0.0,0.0,0.0,1.0,1.0,1.0,1.0,0.22,0.24,0.54,1.22,1.88,9,44,26
2025/26,2025-12-20,Newcastle,Chelsea,,,,,,,0.0,0.0,0.0,0.0,0.0,0.0,0.0,0.0,0.0,0.0,0.0,0.0,2025-12-20,,,,0.0,0.0,0.0,0.0,1.0,1.0,1.0,1.0,0.25,0.18181818181818182,0.5681818181818182,0.9090909090909091,1.7272727272727273,9,31,14
2025/26,2025-12-20,Leeds,Crystal Palace,,,,,,,0.0,0.0,0.0,0.0,0.0,0.0,0.0,0.0,0.0,0.0,0.0,0.0,2025-12-20,,,,0.0,0.0,0.0,0.0,1.0,1.0,1.0,1.0,0.3333333333333333,0.16666666666666666,0.5,1.0,1.8333333333333333,9,24,16
2025/26,2025-12-20,Man City,West Ham,,,,,,,0.0,0.0,0.0,0.0,0.0,0.0,0.0,0.0,0.0,0.0,0.0,0.0,2025-12-20,,,,0.0,0.0,0.0,0.0,1.0,1.0,1.0,1.0,0.6904761904761905,0.16666666666666666,0.14285714285714285,2.0238095238095237,0.7857142857142857,9,28,47
2025/26,2025-12-20,Everton,Arsenal,,,,,,,0.0,0.0,0.0,0.0,0.0,0.0,0.0,0.0,0.0,0.0,0.0,0.0,2025-12-20,,,,0.0,0.0,0.0,0.0,1.0,1.0,1.0,1.0,0.22448979591836735,0.22448979591836735,0.5510204081632653,1.0,1.816326530612245,9,18,1
2025/26,2025-12-20,Brighton,Sunderland,,,,,,,0.0,0.0,0.0,0.0,0.0,0.0,0.0,0.0,0.0,0.0,0.0,0.0,2025-12-20,,,,0.0,0.0,0.0,0.0,1.0,1.0,1.0,1.0,0.0,0.0,0.0,0.0,0.0,9,10,41
2025/26,2025-12-20,Aston Villa,Man United,,,,,,,0.0,0.0,0.0,0.0,0.0,0.0,0.0,0.0,0.0,0.0,0.0,0.0,2025-12-20,,,,0.0,0.0,0.0,0.0,1.0,1.0,1.0,1.0,0.07142857142857142,0.21428571428571427,0.7142857142857143,0.7142857142857143,2.0,9,2,29
2025/26,2025-12-20,AFC Bournemouth,Burnley,,,,,,,0.0,0.0,0.0,0.0,0.0,0.0,0.0,0.0,0.0,0.0,0.0,0.0,2025-12-20,,,,0.0,0.0,0.0,0.0,1.0,1.0,1.0,1.0,0.0,0.0,0.0,0.0,0.0,9,0,11
2025/26,2025-12-20,Fulham,Nottingham Forest,,,,,,,0.0,0.0,0.0,0.0,0.0,0.0,0.0,0.0,0.0,0.0,0.0,0.0,2025-12-20,,,,0.0,0.0,0.0,0.0,1.0,1.0,1.0,1.0,0.0,0.0,0.0,0.0,0.0,9,19,34
2025/26,2025-12-27,West Ham,Fulham,,,,,,,0.0,0.0,0.0,0.0,0.0,0.0,0.0,0.0,0.0,0.0,0.0,0.0,2025-12-27,,,,0.0,0.0,0.0,0.0,1.0,1.0,1.0,1.0,0.5666666666666667,0.23333333333333334,0.2,1.6,1.1666666666666667,9,47,19
2025/26,2025-12-27,Sunderland,Leeds,,,,,,,0.0,0.0,0.0,0.0,0.0,0.0,0.0,0.0,0.0,0.0,0.0,0.0,2025-12-27,,,,0.0,0.0,0.0,0.0,1.0,1.0,1.0,1.0,0.3333333333333333,0.0,0.6666666666666666,0.6666666666666666,1.3333333333333333,9,41,24
2025/26,2025-12-27,Nottingham Forest,Man City,,,,,,,0.0,0.0,0.0,0.0,0.0,0.0,0.0,0.0,0.0,0.0,0.0,0.0,2025-12-27,,,,0.0,0.0,0.0,0.0,1.0,1.0,1.0,1.0,0.0,0.0,0.0,0.0,0.0,9,34,28
2025/26,2025-12-27,Man United,Newcastle,,,,,,,0.0,0.0,0.0,0.0,0.0,0.0,0.0,0.0,0.0,0.0,0.0,0.0,2025-12-27,,,,0.0,0.0,0.0,0.0,1.0,1.0,1.0,1.0,0.5777777777777777,0.2222222222222222,0.2,2.1777777777777776,1.1333333333333333,9,29,31
2025/26,2025-12-27,Liverpool,Wolves,,,,,,,0.0,0.0,0.0,0.0,0.0,0.0,0.0,0.0,0.0,0.0,0.0,0.0,2025-12-27,,,,0.0,0.0,0.0,0.0,1.0,1.0,1.0,1.0,0.8181818181818182,0.09090909090909091,0.09090909090909091,1.7727272727272727,0.5,9,26,49
2025/26,2025-12-27,Crystal Palace,Tottenham,,,,,,,0.0,0.0,0.0,0.0,0.0,0.0,0.0,0.0,0.0,0.0,0.0,0.0,2025-12-27,,,,0.0,0.0,0.0,0.0,1.0,1.0,1.0,1.0,0.16,0.16,0.68,0.64,1.56,9,16,44
2025/26,2025-12-27,Burnley,Everton,,,,,,,0.0,0.0,0.0,0.0,0.0,0.0,0.0,0.0,0.0,0.0,0.0,0.0,2025-12-27,,,,0.0,0.0,0.0,0.0,1.0,1.0,1.0,1.0,0.3888888888888889,0.05555555555555555,0.5555555555555556,0.9444444444444444,1.6111111111111112,9,11,18
2025/26,2025-12-27,Arsenal,Brighton,,,,,,,0.0,0.0,0.0,0.0,0.0,0.0,0.0,0.0,0.0,0.0,0.0,0.0,2025-12-27,,,,0.0,0.0,0.0,0.0,1.0,1.0,1.0,1.0,0.375,0.3125,0.3125,1.375,1.0625,9,1,10
2025/26,2025-12-27,Chelsea,Aston Villa,,,,,,,0.0,0.0,0.0,0.0,0.0,0.0,0.0,0.0,0.0,0.0,0.0,0.0,2025-12-27,,,,0.0,0.0,0.0,0.0,1.0,1.0,1.0,1.0,0.5116279069767442,0.2558139534883721,0.23255813953488372,1.8372093023255813,1.0232558139534884,9,14,2
2025/26,2025-12-27,Brentford,AFC Bournemouth,,,,,,,0.0,0.0,0.0,0.0,0.0,0.0,0.0,0.0,0.0,0.0,0.0,0.0,2025-12-27,,,,0.0,0.0,0.0,0.0,1.0,1.0,1.0,1.0,0.0,0.0,0.0,0.0,0.0,9,9,0
2025/26,2025-12-30,Arsenal,Aston Villa,,,,,,,0.0,0.0,0.0,0.0,0.0,0.0,0.0,0.0,0.0,0.0,0.0,0.0,2025-12-30,,,,0.0,0.0,0.0,0.0,1.0,1.0,1.0,1.0,0.6,0.2,0.2,1.8409090909090908,0.9090909090909091,10,1,2
2025/26,2025-12-30,Brentford,Tottenham,,,,,,,0.0,0.0,0.0,0.0,0.0,0.0,0.0,0.0,0.0,0.0,0.0,0.0,2025-12-30,,,,0.0,0.0,0.0,0.0,1.0,1.0,1.0,1.0,0.1111111111111111,0.3333333333333333,0.5555555555555556,1.25,1.875,10,9,44
2025/26,2025-12-30,Burnley,Newcastle,,,,,,,0.0,0.0,0.0,0.0,0.0,0.0,0.0,0.0,0.0,0.0,0.0,0.0,2025-12-30,,,,0.0,0.0,0.0,0.0,1.0,1.0,1.0,1.0,0.13333333333333333,0.26666666666666666,0.6,0.8571428571428571,1.6428571428571428,10,11,31
2025/26,2025-12-30,Chelsea,AFC Bournemouth,,,,,,,0.0,0.0,0.0,0.0,0.0,0.0,0.0,0.0,0.0,0.0,0.0,0.0,2025-12-30,,,,0.0,0.0,0.0,0.0,1.0,1.0,1.0,1.0,0.0,0.0,1.0,0.0,0.0,10,14,0
2025/26,2025-12-30,Crystal Palace,Fulham,,,,,,,0.0,0.0,0.0,0.0,0.0,0.0,0.0,0.0,0.0,0.0,0.0,0.0,2025-12-30,,,,0.0,0.0,0.0,0.0,1.0,1.0,1.0,1.0,0.3333333333333333,0.3333333333333333,0.3333333333333333,1.2142857142857142,1.2857142857142858,10,16,19
2025/26,2025-12-30,Man United,Wolves,,,,,,,0.0,0.0,0.0,0.0,0.0,0.0,0.0,0.0,0.0,0.0,0.0,0.0,2025-12-30,,,,0.0,0.0,0.0,0.0,1.0,1.0,1.0,1.0,0.5652173913043478,0.13043478260869565,0.30434782608695654,1.4545454545454546,0.7727272727272727,10,29,49
2025/26,2025-12-30,Nottingham Forest,Everton,,,,,,,0.0,0.0,0.0,0.0,0.0,0.0,0.0,0.0,0.0,0.0,0.0,0.0,2025-12-30,,,,0.0,0.0,0.0,0.0,1.0,1.0,1.0,1.0,0.0,0.0,1.0,0.0,0.0,10,34,18
2025/26,2025-12-30,Sunderland,Man City,,,,,,,0.0,0.0,0.0,0.0,0.0,0.0,0.0,0.0,0.0,0.0,0.0,0.0,2025-12-30,,,,0.0,0.0,0.0,0.0,1.0,1.0,1.0,1.0,0.18518518518518517,0.1111111111111111,0.7037037037037037,0.9230769230769231,2.1153846153846154,10,41,28
2025/26,2025-12-30,West Ham,Brighton,,,,,,,0.0,0.0,0.0,0.0,0.0,0.0,0.0,0.0,0.0,0.0,0.0,0.0,2025-12-30,,,,0.0,0.0,0.0,0.0,1.0,1.0,1.0,1.0,0.058823529411764705,0.47058823529411764,0.47058823529411764,1.125,1.9375,10,47,10
2025/26,2025-12-30,Liverpool,Leeds,,,,,,,0.0,0.0,0.0,0.0,0.0,0.0,0.0,0.0,0.0,0.0,0.0,0.0,2025-12-30,,,,0.0,0.0,0.0,0.0,1.0,1.0,1.0,1.0,0.5333333333333333,0.2,0.26666666666666666,2.7857142857142856,1.2857142857142858,10,26,24
2025/26,2026-01-03,Wolves,West Ham,,,,,,,0.0,0.0,0.0,0.0,0.0,0.0,0.0,0.0,0.0,0.0,0.0,0.0,2026-01-03,,,,0.0,0.0,0.0,0.0,1.0,1.0,1.0,1.0,0.4444444444444444,0.05555555555555555,0.5,1.0555555555555556,1.2777777777777777,10,49,47
2025/26,2026-01-03,Leeds,Man United,,,,,,,0.0,0.0,0.0,0.0,0.0,0.0,0.0,0.0,0.0,0.0,0.0,0.0,2026-01-03,,,,0.0,0.0,0.0,0.0,1.0,1.0,1.0,1.0,0.07142857142857142,0.35714285714285715,0.5714285714285714,1.0714285714285714,2.2857142857142856,10,24,29
2025/26,2026-01-03,Tottenham,Sunderland,,,,,,,0.0,0.0,0.0,0.0,0.0,0.0,0.0,0.0,0.0,0.0,0.0,0.0,2026-01-03,,,,0.0,0.0,0.0,0.0,1.0,1.0,1.0,1.0,0.6428571428571429,0.21428571428571427,0.14285714285714285,1.7142857142857142,0.9642857142857143,10,44,41
2025/26,2026-01-03,Newcastle,Crystal Palace,,,,,,,0.0,0.0,0.0,0.0,0.0,0.0,0.0,0.0,0.0,0.0,0.0,0.0,2026-01-03,,,,0.0,0.0,0.0,0.0,1.0,1.0,1.0,1.0,0.43478260869565216,0.34782608695652173,0.21739130434782608,1.3043478260869565,0.782608695652174,10,31,16
2025/26,2026-01-03,Man City,Chelsea,,,,,,,0.0,0.0,0.0,0.0,0.0,0.0,0.0,0.0,0.0,0.0,0.0,0.0,2026-01-03,,,,0.0,0.0,0.0,0.0,1.0,1.0,1.0,1.0,0.3958333333333333,0.125,0.4791666666666667,1.1666666666666667,1.3541666666666667,10,28,14
2025/26,2026-01-03,Fulham,Liverpool,,,,,,,0.0,0.0,0.0,0.0,0.0,0.0,0.0,0.0,0.0,0.0,0.0,0.0,2026-01-03,,,,0.0,0.0,0.0,0.0,1.0,1.0,1.0,1.0,0.22857142857142856,0.17142857142857143,0.6,1.0,1.9714285714285715,10,19,26
2025/26,2026-01-03,Brighton,Burnley,,,,,,,0.0,0.0,0.0,0.0,0.0,0.0,0.0,0.0,0.0,0.0,0.0,0.0,2026-01-03,,,,0.0,0.0,0.0,0.0,1.0,1.0,1.0,1.0,0.16666666666666666,0.5833333333333334,0.25,0.75,1.0833333333333333,10,10,11
2025/26,2026-01-03,Aston Villa,Nottingham Forest,,,,,,,0.0,0.0,0.0,0.0,0.0,0.0,0.0,0.0,0.0,0.0,0.0,0.0,2026-01-03,,,,0.0,0.0,0.0,0.0,1.0,1.0,1.0,1.0,0.0,0.0,0.0,0.0,0.0,10,2,34
2025/26,2026-01-03,AFC Bournemouth,Arsenal,,,,,,,0.0,0.0,0.0,0.0,0.0,0.0,0.0,0.0,0.0,0.0,0.0,0.0,2026-01-03,,,,0.0,0.0,0.0,0.0,1.0,1.0,1.0,1.0,0.0,0.0,0.0,0.0,0.0,10,0,1
2025/26,2026-01-03,Everton,Brentford,,,,,,,0.0,0.0,0.0,0.0,0.0,0.0,0.0,0.0,0.0,0.0,0.0,0.0,2026-01-03,,,,0.0,0.0,0.0,0.0,1.0,1.0,1.0,1.0,0.375,0.375,0.25,1.125,0.875,10,18,9
2025/26,2026-01-07,West Ham,Nottingham Forest,,,,,,,0.0,0.0,0.0,0.0,0.0,0.0,0.0,0.0,0.0,0.0,0.0,0.0,2026-01-07,,,,0.0,0.0,0.0,0.0,1.0,1.0,1.0,1.0,0.0,0.0,1.0,0.0,0.0,11,47,34
2025/26,2026-01-07,Newcastle,Leeds,,,,,,,0.0,0.0,0.0,0.0,0.0,0.0,0.0,0.0,0.0,0.0,0.0,0.0,2026-01-07,,,,0.0,0.0,0.0,0.0,1.0,1.0,1.0,1.0,0.4666666666666667,0.26666666666666666,0.26666666666666666,1.7857142857142858,1.4285714285714286,11,31,24
2025/26,2026-01-07,Man City,Brighton,,,,,,,0.0,0.0,0.0,0.0,0.0,0.0,0.0,0.0,0.0,0.0,0.0,0.0,2026-01-07,,,,0.0,0.0,0.0,0.0,1.0,1.0,1.0,1.0,0.7058823529411765,0.11764705882352941,0.17647058823529413,2.6875,0.8125,11,28,10
2025/26,2026-01-07,Fulham,Chelsea,,,,,,,0.0,0.0,0.0,0.0,0.0,0.0,0.0,0.0,0.0,0.0,0.0,0.0,2026-01-07,,,,0.0,0.0,0.0,0.0,1.0,1.0,1.0,1.0,0.08333333333333333,0.3055555555555556,0.6111111111111112,0.7142857142857143,1.5714285714285714,11,19,14
2025/26,2026-01-07,Everton,Wolves,,,,,,,0.0,0.0,0.0,0.0,0.0,0.0,0.0,0.0,0.0,0.0,0.0,0.0,2026-01-07,,,,0.0,0.0,0.0,0.0,1.0,1.0,1.0,1.0,0.30434782608695654,0.30434782608695654,0.391304347826087,1.2272727272727273,1.2272727272727273,11,18,49
2025/26,2026-01-07,Crystal Palace,Aston Villa,,,,,,,0.0,0.0,0.0,0.0,0.0,0.0,0.0,0.0,0.0,0.0,0.0,0.0,2026-01-07,,,,0.0,0.0,0.0,0.0,1.0,1.0,1.0,1.0,0.42857142857142855,0.19047619047619047,0.38095238095238093,1.4,1.1,11,16,2
2025/26,2026-01-07,Brentford,Sunderland,,,,,,,0.0,0.0,0.0,0.0,0.0,0.0,0.0,0.0,0.0,0.0,0.0,0.0,2026-01-07,,,,0.0,0.0,0.0,0.0,1.0,1.0,1.0,1.0,0.0,0.0,1.0,0.0,0.0,11,9,41
2025/26,2026-01-07,Arsenal,Liverpool,,,,,,,0.0,0.0,0.0,0.0,0.0,0.0,0.0,0.0,0.0,0.0,0.0,0.0,2026-01-07,,,,0.0,0.0,0.0,0.0,1.0,1.0,1.0,1.0,0.2916666666666667,0.375,0.3333333333333333,1.5106382978723405,1.872340425531915,11,1,26
2025/26,2026-01-07,AFC Bournemouth,Tottenham,,,,,,,0.0,0.0,0.0,0.0,0.0,0.0,0.0,0.0,0.0,0.0,0.0,0.0,2026-01-07,,,,0.0,0.0,0.0,0.0,1.0,1.0,1.0,1.0,0.0,0.0,1.0,0.0,0.0,11,0,44
2025/26,2026-01-07,Burnley,Man United,,,,,,,0.0,0.0,0.0,0.0,0.0,0.0,0.0,0.0,0.0,0.0,0.0,0.0,2026-01-07,,,,0.0,0.0,0.0,0.0,1.0,1.0,1.0,1.0,0.10526315789473684,0.3157894736842105,0.5789473684210527,0.6666666666666666,1.5,11,11,29
2025/26,2026-01-17,Nottingham Forest,Arsenal,,,,,,,0.0,0.0,0.0,0.0,0.0,0.0,0.0,0.0,0.0,0.0,0.0,0.0,2026-01-17,,,,0.0,0.0,0.0,0.0,1.0,1.0,1.0,1.0,0.0,0.0,1.0,0.0,0.0,11,34,1
2025/26,2026-01-17,Tottenham,West Ham,,,,,,,0.0,0.0,0.0,0.0,0.0,0.0,0.0,0.0,0.0,0.0,0.0,0.0,2026-01-17,,,,0.0,0.0,0.0,0.0,1.0,1.0,1.0,1.0,0.4888888888888889,0.24444444444444444,0.26666666666666666,1.5454545454545454,1.0909090909090908,11,44,47
2025/26,2026-01-17,Sunderland,Crystal Palace,,,,,,,0.0,0.0,0.0,0.0,0.0,0.0,0.0,0.0,0.0,0.0,0.0,0.0,2026-01-17,,,,0.0,0.0,0.0,0.0,1.0,1.0,1.0,1.0,0.3333333333333333,0.2222222222222222,0.4444444444444444,1.75,1.625,11,41,16
2025/26,2026-01-17,Man United,Man City,,,,,,,0.0,0.0,0.0,0.0,0.0,0.0,0.0,0.0,0.0,0.0,0.0,0.0,2026-01-17,,,,0.0,0.0,0.0,0.0,1.0,1.0,1.0,1.0,0.3877551020408163,0.1836734693877551,0.42857142857142855,1.2291666666666667,1.5625,11,29,28
2025/26,2026-01-17,Wolves,Newcastle,,,,,,,0.0,0.0,0.0,0.0,0.0,0.0,0.0,0.0,0.0,0.0,0.0,0.0,2026-01-17,,,,0.0,0.0,0.0,0.0,1.0,1.0,1.0,1.0,0.1,0.5,0.4,1.0526315789473684,1.631578947368421,11,49,31
2025/26,2026-01-17,Leeds,Fulham,,,,,,,0.0,0.0,0.0,0.0,0.0,0.0,0.0,0.0,0.0,0.0,0.0,0.0,2026-01-17,,,,0.0,0.0,0.0,0.0,1.0,1.0,1.0,1.0,0.36363636363636365,0.09090909090909091,0.5454545454545454,1.4,1.5,11,24,19
2025/26,2026-01-17,Aston Villa,Everton,,,,,,,0.0,0.0,0.0,0.0,0.0,0.0,0.0,0.0,0.0,0.0,0.0,0.0,2026-01-17,,,,0.0,0.0,0.0,0.0,1.0,1.0,1.0,1.0,0.4,0.3333333333333333,0.26666666666666666,1.5227272727272727,1.3863636363636365,11,2,18
2025/26,2026-01-17,Liverpool,Burnley,,,,,,,0.0,0.0,0.0,0.0,0.0,0.0,0.0,0.0,0.0,0.0,0.0,0.0,2026-01-17,,,,0.0,0.0,0.0,0.0,1.0,1.0,1.0,1.0,0.7368421052631579,0.10526315789473684,0.15789473684210525,2.111111111111111,0.6111111111111112,11,26,11
2025/26,2026-01-17,Chelsea,Brentford,,,,,,,0.0,0.0,0.0,0.0,0.0,0.0,0.0,0.0,0.0,0.0,0.0,0.0,2026-01-17,,,,0.0,0.0,0.0,0.0,1.0,1.0,1.0,1.0,0.2222222222222222,0.3333333333333333,0.4444444444444444,0.75,1.375,11,14,9
2025/26,2026-01-17,Brighton,AFC Bournemouth,,,,,,,0.0,0.0,0.0,0.0,0.0,0.0,0.0,0.0,0.0,0.0,0.0,0.0,2026-01-17,,,,0.0,0.0,0.0,0.0,1.0,1.0,1.0,1.0,0.0,0.0,1.0,0.0,0.0,11,10,0
2025/26,2026-01-24,AFC Bournemouth,Liverpool,,,,,,,0.0,0.0,0.0,0.0,0.0,0.0,0.0,0.0,0.0,0.0,0.0,0.0,2026-01-24,,,,0.0,0.0,0.0,0.0,1.0,1.0,1.0,1.0,0.0,0.0,1.0,0.0,0.0,12,0,26
2025/26,2026-01-24,Arsenal,Man United,,,,,,,0.0,0.0,0.0,0.0,0.0,0.0,0.0,0.0,0.0,0.0,0.0,0.0,2026-01-24,,,,0.0,0.0,0.0,0.0,1.0,1.0,1.0,1.0,0.3333333333333333,0.27450980392156865,0.39215686274509803,1.26,1.44,12,1,29
2025/26,2026-01-24,Brentford,Nottingham Forest,,,,,,,0.0,0.0,0.0,0.0,0.0,0.0,0.0,0.0,0.0,0.0,0.0,0.0,2026-01-24,,,,0.0,0.0,0.0,0.0,1.0,1.0,1.0,1.0,0.0,0.0,1.0,0.0,0.0,12,9,34
2025/26,2026-01-24,Burnley,Tottenham,,,,,,,0.0,0.0,0.0,0.0,0.0,0.0,0.0,0.0,0.0,0.0,0.0,0.0,2026-01-24,,,,0.0,0.0,0.0,0.0,1.0,1.0,1.0,1.0,0.15789473684210525,0.15789473684210525,0.6842105263157895,0.7777777777777778,2.111111111111111,12,11,44
2025/26,2026-01-24,Crystal Palace,Chelsea,,,,,,,0.0,0.0,0.0,0.0,0.0,0.0,0.0,0.0,0.0,0.0,0.0,0.0,2026-01-24,,,,0.0,0.0,0.0,0.0,1.0,1.0,1.0,1.0,0.14814814814814814,0.07407407407407407,0.7777777777777778,0.7692307692307693,1.9615384615384615,12,16,14
2025/26,2026-01-24,Everton,Leeds,,,,,,,0.0,0.0,0.0,0.0,0.0,0.0,0.0,0.0,0.0,0.0,0.0,0.0,2026-01-24,,,,0.0,0.0,0.0,0.0,1.0,1.0,1.0,1.0,0.42857142857142855,0.2857142857142857,0.2857142857142857,1.5384615384615385,0.9230769230769231,12,18,24
2025/26,2026-01-24,Fulham,Brighton,,,,,,,0.0,0.0,0.0,0.0,0.0,0.0,0.0,0.0,0.0,0.0,0.0,0.0,2026-01-24,,,,0.0,0.0,0.0,0.0,1.0,1.0,1.0,1.0,0.45454545454545453,0.36363636363636365,0.18181818181818182,1.7,0.9,12,19,10
2025/26,2026-01-24,Man City,Wolves,,,,,,,0.0,0.0,0.0,0.0,0.0,0.0,0.0,0.0,0.0,0.0,0.0,0.0,2026-01-24,,,,0.0,0.0,0.0,0.0,1.0,1.0,1.0,1.0,0.6818181818181818,0.045454545454545456,0.2727272727272727,2.2857142857142856,0.9523809523809523,12,28,49
2025/26,2026-01-24,Newcastle,Aston Villa,,,,,,,0.0,0.0,0.0,0.0,0.0,0.0,0.0,0.0,0.0,0.0,0.0,0.0,2026-01-24,,,,0.0,0.0,0.0,0.0,1.0,1.0,1.0,1.0,0.3953488372093023,0.32558139534883723,0.27906976744186046,1.380952380952381,1.0714285714285714,12,31,2
2025/26,2026-01-24,West Ham,Sunderland,,,,,,,0.0,0.0,0.0,0.0,0.0,0.0,0.0,0.0,0.0,0.0,0.0,0.0,2026-01-24,,,,0.0,0.0,0.0,0.0,1.0,1.0,1.0,1.0,0.4444444444444444,0.2962962962962963,0.25925925925925924,1.1923076923076923,0.9230769230769231,12,47,41
2025/26,2026-01-31,Wolves,AFC Bournemouth,,,,,,,0.0,0.0,0.0,0.0,0.0,0.0,0.0,0.0,0.0,0.0,0.0,0.0,2026-01-31,,,,0.0,0.0,0.0,0.0,1.0,1.0,1.0,1.0,0.0,0.0,1.0,0.0,0.0,12,49,0
2025/26,2026-01-31,Tottenham,Man City,,,,,,,0.0,0.0,0.0,0.0,0.0,0.0,0.0,0.0,0.0,0.0,0.0,0.0,2026-01-31,,,,0.0,0.0,0.0,0.0,1.0,1.0,1.0,1.0,0.4791666666666667,0.125,0.3958333333333333,1.425531914893617,1.5106382978723405,12,44,28
2025/26,2026-01-31,Sunderland,Burnley,,,,,,,0.0,0.0,0.0,0.0,0.0,0.0,0.0,0.0,0.0,0.0,0.0,0.0,2026-01-31,,,,0.0,0.0,0.0,0.0,1.0,1.0,1.0,1.0,0.2857142857142857,0.2857142857142857,0.42857142857142855,1.0,1.3333333333333333,12,41,11
2025/26,2026-01-31,Nottingham Forest,Crystal Palace,,,,,,,0.0,0.0,0.0,0.0,0.0,0.0,0.0,0.0,0.0,0.0,0.0,0.0,2026-01-31,,,,0.0,0.0,0.0,0.0,1.0,1.0,1.0,1.0,0.0,0.0,1.0,0.0,0.0,12,34,16
2025/26,2026-01-31,Man United,Fulham,,,,,,,0.0,0.0,0.0,0.0,0.0,0.0,0.0,0.0,0.0,0.0,0.0,0.0,2026-01-31,,,,0.0,0.0,0.0,0.0,1.0,1.0,1.0,1.0,0.7027027027027027,0.16216216216216217,0.13513513513513514,2.111111111111111,0.9722222222222222,12,29,19
2025/26,2026-01-31,Leeds,Arsenal,,,,,,,0.0,0.0,0.0,0.0,0.0,0.0,0.0,0.0,0.0,0.0,0.0,0.0,2026-01-31,,,,0.0,0.0,0.0,0.0,1.0,1.0,1.0,1.0,0.21428571428571427,0.14285714285714285,0.6428571428571429,1.1538461538461537,2.230769230769231,12,24,1
2025/26,2026-01-31,Chelsea,West Ham,,,,,,,0.0,0.0,0.0,0.0,0.0,0.0,0.0,0.0,0.0,0.0,0.0,0.0,2026-01-31,,,,0.0,0.0,0.0,0.0,1.0,1.0,1.0,1.0,0.6,0.15555555555555556,0.24444444444444444,1.9545454545454546,0.9090909090909091,12,14,47
2025/26,2026-01-31,Brighton,Everton,,,,,,,0.0,0.0,0.0,0.0,0.0,0.0,0.0,0.0,0.0,0.0,0.0,0.0,2026-01-31,,,,0.0,0.0,0.0,0.0,1.0,1.0,1.0,1.0,0.29411764705882354,0.23529411764705882,0.47058823529411764,1.3125,1.625,12,10,18
2025/26,2026-01-31,Aston Villa,Brentford,,,,,,,0.0,0.0,0.0,0.0,0.0,0.0,0.0,0.0,0.0,0.0,0.0,0.0,2026-01-31,,,,0.0,0.0,0.0,0.0,1.0,1.0,1.0,1.0,0.4444444444444444,0.3333333333333333,0.2222222222222222,2.0,1.125,12,2,9
2025/26,2026-01-31,Liverpool,Newcastle,,,,,,,0.0,0.0,0.0,0.0,0.0,0.0,0.0,0.0,0.0,0.0,0.0,0.0,2026-01-31,,,,0.0,0.0,0.0,0.0,1.0,1.0,1.0,1.0,0.6086956521739131,0.1956521739130435,0.1956521739130435,2.111111111111111,0.9111111111111111,12,26,31
2025/26,2026-02-07,Wolves,Chelsea,,,,,,,0.0,0.0,0.0,0.0,0.0,0.0,0.0,0.0,0.0,0.0,0.0,0.0,2026-02-07,,,,0.0,0.0,0.0,0.0,1.0,1.0,1.0,1.0,0.2608695652173913,0.17391304347826086,0.5652173913043478,1.0454545454545454,2.272727272727273,13,49,14
2025/26,2026-02-07,Newcastle,Brentford,,,,,,,0.0,0.0,0.0,0.0,0.0,0.0,0.0,0.0,0.0,0.0,0.0,0.0,2026-02-07,,,,0.0,0.0,0.0,0.0,1.0,1.0,1.0,1.0,0.6666666666666666,0.1111111111111111,0.2222222222222222,2.625,1.5,13,31,9
2025/26,2026-02-07,Man United,Tottenham,,,,,,,0.0,0.0,0.0,0.0,0.0,0.0,0.0,0.0,0.0,0.0,0.0,0.0,2026-02-07,,,,0.0,0.0,0.0,0.0,1.0,1.0,1.0,1.0,0.5490196078431373,0.21568627450980393,0.23529411764705882,1.66,1.08,13,29,44
2025/26,2026-02-07,Liverpool,Man City,,,,,,,0.0,0.0,0.0,0.0,0.0,0.0,0.0,0.0,0.0,0.0,0.0,0.0,2026-02-07,,,,0.0,0.0,0.0,0.0,1.0,1.0,1.0,1.0,0.40816326530612246,0.3469387755102041,0.24489795918367346,1.4583333333333333,1.375,13,26,28
2025/26,2026-02-07,Leeds,Nottingham Forest,,,,,,,0.0,0.0,0.0,0.0,0.0,0.0,0.0,0.0,0.0,0.0,0.0,0.0,2026-02-07,,,,0.0,0.0,0.0,0.0,1.0,1.0,1.0,1.0,0.0,0.0,1.0,0.0,0.0,13,24,34
2025/26,2026-02-07,Fulham,Everton,,,,,,,0.0,0.0,0.0,0.0,0.0,0.0,0.0,0.0,0.0,0.0,0.0,0.0,2026-02-07,,,,0.0,0.0,0.0,0.0,1.0,1.0,1.0,1.0,0.3142857142857143,0.14285714285714285,0.5428571428571428,0.9705882352941176,1.5294117647058822,13,19,18
2025/26,2026-02-07,Brighton,Crystal Palace,,,,,,,0.0,0.0,0.0,0.0,0.0,0.0,0.0,0.0,0.0,0.0,0.0,0.0,2026-02-07,,,,0.0,0.0,0.0,0.0,1.0,1.0,1.0,1.0,0.23529411764705882,0.4117647058823529,0.35294117647058826,1.3125,1.25,13,10,16
2025/26,2026-02-07,Arsenal,Sunderland,,,,,,,0.0,0.0,0.0,0.0,0.0,0.0,0.0,0.0,0.0,0.0,0.0,0.0,2026-02-07,,,,0.0,0.0,0.0,0.0,1.0,1.0,1.0,1.0,0.5862068965517241,0.3103448275862069,0.10344827586206896,1.7857142857142858,0.6071428571428571,13,1,41
2025/26,2026-02-07,AFC Bournemouth,Aston Villa,,,,,,,0.0,0.0,0.0,0.0,0.0,0.0,0.0,0.0,0.0,0.0,0.0,0.0,2026-02-07,,,,0.0,0.0,0.0,0.0,1.0,1.0,1.0,1.0,0.0,0.0,1.0,0.0,0.0,13,0,2
2025/26,2026-02-07,Burnley,West Ham,,,,,,,0.0,0.0,0.0,0.0,0.0,0.0,0.0,0.0,0.0,0.0,0.0,0.0,2026-02-07,,,,0.0,0.0,0.0,0.0,1.0,1.0,1.0,1.0,0.2631578947368421,0.21052631578947367,0.5263157894736842,1.3333333333333333,1.4444444444444444,13,11,47
2025/26,2026-02-11,West Ham,Man United,,,,,,,0.0,0.0,0.0,0.0,0.0,0.0,0.0,0.0,0.0,0.0,0.0,0.0,2026-02-11,,,,0.0,0.0,0.0,0.0,1.0,1.0,1.0,1.0,0.22727272727272727,0.18181818181818182,0.5909090909090909,0.9069767441860465,1.744186046511628,13,47,29
2025/26,2026-02-11,Tottenham,Newcastle,,,,,,,0.0,0.0,0.0,0.0,0.0,0.0,0.0,0.0,0.0,0.0,0.0,0.0,2026-02-11,,,,0.0,0.0,0.0,0.0,1.0,1.0,1.0,1.0,0.425531914893617,0.0851063829787234,0.48936170212765956,1.565217391304348,1.6304347826086956,13,44,31
2025/26,2026-02-11,Sunderland,Liverpool,,,,,,,0.0,0.0,0.0,0.0,0.0,0.0,0.0,0.0,0.0,0.0,0.0,0.0,2026-02-11,,,,0.0,0.0,0.0,0.0,1.0,1.0,1.0,1.0,0.10344827586206896,0.3103448275862069,0.5862068965517241,0.5714285714285714,1.4642857142857142,13,41,26
2025/26,2026-02-11,Man City,Fulham,,,,,,,0.0,0.0,0.0,0.0,0.0,0.0,0.0,0.0,0.0,0.0,0.0,0.0,2026-02-11,,,,0.0,0.0,0.0,0.0,1.0,1.0,1.0,1.0,0.5882352941176471,0.2647058823529412,0.14705882352941177,2.3333333333333335,1.0909090909090908,13,28,19
2025/26,2026-02-11,Nottingham Forest,Wolves,,,,,,,0.0,0.0,0.0,0.0,0.0,0.0,0.0,0.0,0.0,0.0,0.0,0.0,2026-02-11,,,,0.0,0.0,0.0,0.0,1.0,1.0,1.0,1.0,0.0,0.0,1.0,0.0,0.0,13,34,49
2025/26,2026-02-11,Crystal Palace,Burnley,,,,,,,0.0,0.0,0.0,0.0,0.0,0.0,0.0,0.0,0.0,0.0,0.0,0.0,2026-02-11,,,,0.0,0.0,0.0,0.0,1.0,1.0,1.0,1.0,0.4117647058823529,0.17647058823529413,0.4117647058823529,1.375,1.125,13,16,11
2025/26,2026-02-11,Aston Villa,Brighton,,,,,,,0.0,0.0,0.0,0.0,0.0,0.0,0.0,0.0,0.0,0.0,0.0,0.0,2026-02-11,,,,0.0,0.0,0.0,0.0,1.0,1.0,1.0,1.0,0.5384615384615384,0.23076923076923078,0.23076923076923078,1.9166666666666667,0.8333333333333334,13,2,10
2025/26,2026-02-11,Everton,AFC Bournemouth,,,,,,,0.0,0.0,0.0,0.0,0.0,0.0,0.0,0.0,0.0,0.0,0.0,0.0,2026-02-11,,,,0.0,0.0,0.0,0.0,1.0,1.0,1.0,1.0,0.0,0.0,1.0,0.0,0.0,13,18,0
2025/26,2026-02-11,Chelsea,Leeds,,,,,,,0.0,0.0,0.0,0.0,0.0,0.0,0.0,0.0,0.0,0.0,0.0,0.0,2026-02-11,,,,0.0,0.0,0.0,0.0,1.0,1.0,1.0,1.0,0.42857142857142855,0.2857142857142857,0.2857142857142857,1.3076923076923077,1.0769230769230769,13,14,24
2025/26,2026-02-11,Brentford,Arsenal,,,,,,,0.0,0.0,0.0,0.0,0.0,0.0,0.0,0.0,0.0,0.0,0.0,0.0,2026-02-11,,,,0.0,0.0,0.0,0.0,1.0,1.0,1.0,1.0,0.1111111111111111,0.2222222222222222,0.6666666666666666,0.875,1.625,13,9,1
2025/26,2026-02-21,Aston Villa,Leeds,,,,,,,0.0,0.0,0.0,0.0,0.0,0.0,0.0,0.0,0.0,0.0,0.0,0.0,2026-02-21,,,,0.0,0.0,0.0,0.0,1.0,1.0,1.0,1.0,0.3333333333333333,0.3333333333333333,0.3333333333333333,1.1428571428571428,1.0714285714285714,14,2,24
2025/26,2026-02-21,Brentford,Brighton,,,,,,,0.0,0.0,0.0,0.0,0.0,0.0,0.0,0.0,0.0,0.0,0.0,0.0,2026-02-21,,,,0.0,0.0,0.0,0.0,1.0,1.0,1.0,1.0,0.2222222222222222,0.3333333333333333,0.4444444444444444,1.25,1.25,14,9,10
2025/26,2026-02-21,Chelsea,Burnley,,,,,,,0.0,0.0,0.0,0.0,0.0,0.0,0.0,0.0,0.0,0.0,0.0,0.0,2026-02-21,,,,0.0,0.0,0.0,0.0,1.0,1.0,1.0,1.0,0.631578947368421,0.2631578947368421,0.10526315789473684,2.5555555555555554,0.8888888888888888,14,14,11
2025/26,2026-02-21,Crystal Palace,Wolves,,,,,,,0.0,0.0,0.0,0.0,0.0,0.0,0.0,0.0,0.0,0.0,0.0,0.0,2026-02-21,,,,0.0,0.0,0.0,0.0,1.0,1.0,1.0,1.0,0.5,0.14285714285714285,0.35714285714285715,1.3846153846153846,1.0769230769230769,14,16,49
2025/26,2026-02-21,Everton,Man United,,,,,,,0.0,0.0,0.0,0.0,0.0,0.0,0.0,0.0,0.0,0.0,0.0,0.0,2026-02-21,,,,0.0,0.0,0.0,0.0,1.0,1.0,1.0,1.0,0.1568627450980392,0.23529411764705882,0.6078431372549019,1.0,1.84,14,18,29
2025/26,2026-02-21,Man City,Newcastle,,,,,,,0.0,0.0,0.0,0.0,0.0,0.0,0.0,0.0,0.0,0.0,0.0,0.0,2026-02-21,,,,0.0,0.0,0.0,0.0,1.0,1.0,1.0,1.0,0.6888888888888889,0.15555555555555556,0.15555555555555556,2.272727272727273,0.8409090909090909,14,28,31
2025/26,2026-02-21,Nottingham Forest,Liverpool,,,,,,,0.0,0.0,0.0,0.0,0.0,0.0,0.0,0.0,0.0,0.0,0.0,0.0,2026-02-21,,,,0.0,0.0,0.0,0.0,1.0,1.0,1.0,1.0,0.0,0.0,1.0,0.0,0.0,14,34,26
2025/26,2026-02-21,Sunderland,Fulham,,,,,,,0.0,0.0,0.0,0.0,0.0,0.0,0.0,0.0,0.0,0.0,0.0,0.0,2026-02-21,,,,0.0,0.0,0.0,0.0,1.0,1.0,1.0,1.0,0.23809523809523808,0.3333333333333333,0.42857142857142855,0.95,1.15,14,41,19
2025/26,2026-02-21,Tottenham,Arsenal,,,,,,,0.0,0.0,0.0,0.0,0.0,0.0,0.0,0.0,0.0,0.0,0.0,0.0,2026-02-21,,,,0.0,0.0,0.0,0.0,1.0,1.0,1.0,1.0,0.2,0.34,0.46,1.3673469387755102,1.8775510204081634,14,44,1
2025/26,2026-02-21,West Ham,AFC Bournemouth,,,,,,,0.0,0.0,0.0,0.0,0.0,0.0,0.0,0.0,0.0,0.0,0.0,0.0,2026-02-21,,,,0.0,0.0,0.0,0.0,1.0,1.0,1.0,1.0,0.0,0.0,1.0,0.0,0.0,14,47,0
2025/26,2026-02-28,Wolves,Aston Villa,,,,,,,0.0,0.0,0.0,0.0,0.0,0.0,0.0,0.0,0.0,0.0,0.0,0.0,2026-02-28,,,,0.0,0.0,0.0,0.0,1.0,1.0,1.0,1.0,0.3333333333333333,0.2857142857142857,0.38095238095238093,1.15,1.35,14,49,2
2025/26,2026-02-28,Newcastle,Everton,,,,,,,0.0,0.0,0.0,0.0,0.0,0.0,0.0,0.0,0.0,0.0,0.0,0.0,2026-02-28,,,,0.0,0.0,0.0,0.0,1.0,1.0,1.0,1.0,0.3333333333333333,0.24444444444444444,0.4222222222222222,1.4090909090909092,1.5227272727272727,14,31,18
2025/26,2026-02-28,Man United,Crystal Palace,,,,,,,0.0,0.0,0.0,0.0,0.0,0.0,0.0,0.0,0.0,0.0,0.0,0.0,2026-02-28,,,,0.0,0.0,0.0,0.0,1.0,1.0,1.0,1.0,0.5185185185185185,0.2222222222222222,0.25925925925925924,1.3846153846153846,0.8461538461538461,14,29,16
2025/26,2026-02-28,Leeds,Man City,,,,,,,0.0,0.0,0.0,0.0,0.0,0.0,0.0,0.0,0.0,0.0,0.0,0.0,2026-02-28,,,,0.0,0.0,0.0,0.0,1.0,1.0,1.0,1.0,0.3076923076923077,0.15384615384615385,0.5384615384615384,1.4166666666666667,2.0,14,24,28
2025/26,2026-02-28,Liverpool,West Ham,,,,,,,0.0,0.0,0.0,0.0,0.0,0.0,0.0,0.0,0.0,0.0,0.0,0.0,2026-02-28,,,,0.0,0.0,0.0,0.0,1.0,1.0,1.0,1.0,0.6888888888888889,0.15555555555555556,0.15555555555555556,2.1818181818181817,0.9318181818181818,14,26,47
2025/26,2026-02-28,Burnley,Brentford,,,,,,,0.0,0.0,0.0,0.0,0.0,0.0,0.0,0.0,0.0,0.0,0.0,0.0,2026-02-28,,,,0.0,0.0,0.0,0.0,1.0,1.0,1.0,1.0,0.4,0.0,0.6,1.25,1.75,14,11,9
2025/26,2026-02-28,AFC Bournemouth,Sunderland,,,,,,,0.0,0.0,0.0,0.0,0.0,0.0,0.0,0.0,0.0,0.0,0.0,0.0,2026-02-28,,,,0.0,0.0,0.0,0.0,1.0,1.0,1.0,1.0,0.0,0.0,1.0,0.0,0.0,14,0,41
2025/26,2026-02-28,Fulham,Tottenham,,,,,,,0.0,0.0,0.0,0.0,0.0,0.0,0.0,0.0,0.0,0.0,0.0,0.0,2026-02-28,,,,0.0,0.0,0.0,0.0,1.0,1.0,1.0,1.0,0.24324324324324326,0.21621621621621623,0.5405405405405406,0.9444444444444444,1.5,14,19,44
2025/26,2026-02-28,Brighton,Nottingham Forest,,,,,,,0.0,0.0,0.0,0.0,0.0,0.0,0.0,0.0,0.0,0.0,0.0,0.0,2026-02-28,,,,0.0,0.0,0.0,0.0,1.0,1.0,1.0,1.0,0.0,0.0,1.0,0.0,0.0,14,10,34
2025/26,2026-02-28,Arsenal,Chelsea,,,,,,,0.0,0.0,0.0,0.0,0.0,0.0,0.0,0.0,0.0,0.0,0.0,0.0,2026-02-28,,,,0.0,0.0,0.0,0.0,1.0,1.0,1.0,1.0,0.3333333333333333,0.3137254901960784,0.35294117647058826,1.34,1.42,14,1,14
2025/26,2026-03-04,Wolves,Liverpool,,,,,,,0.0,0.0,0.0,0.0,0.0,0.0,0.0,0.0,0.0,0.0,0.0,0.0,2026-03-04,,,,0.0,0.0,0.0,0.0,1.0,1.0,1.0,1.0,0.08695652173913043,0.08695652173913043,0.8260869565217391,0.5,1.7727272727272727,15,49,26
2025/26,2026-03-04,Tottenham,Crystal Palace,,,,,,,0.0,0.0,0.0,0.0,0.0,0.0,0.0,0.0,0.0,0.0,0.0,0.0,2026-03-04,,,,0.0,0.0,0.0,0.0,1.0,1.0,1.0,1.0,0.6538461538461539,0.15384615384615385,0.19230769230769232,1.56,0.64,15,44,16
2025/26,2026-03-04,Newcastle,Man United,,,,,,,0.0,0.0,0.0,0.0,0.0,0.0,0.0,0.0,0.0,0.0,0.0,0.0,2026-03-04,,,,0.0,0.0,0.0,0.0,1.0,1.0,1.0,1.0,0.1956521739130435,0.21739130434782608,0.5869565217391305,1.1333333333333333,2.1777777777777776,15,31,29
2025/26,2026-03-04,Leeds,Sunderland,,,,,,,0.0,0.0,0.0,0.0,0.0,0.0,0.0,0.0,0.0,0.0,0.0,0.0,2026-03-04,,,,0.0,0.0,0.0,0.0,1.0,1.0,1.0,1.0,0.5714285714285714,0.0,0.42857142857142855,1.3333333333333333,0.6666666666666666,15,24,41
2025/26,2026-03-04,Man City,Nottingham Forest,,,,,,,0.0,0.0,0.0,0.0,0.0,0.0,0.0,0.0,0.0,0.0,0.0,0.0,2026-03-04,,,,0.0,0.0,0.0,0.0,1.0,1.0,1.0,1.0,0.0,0.0,1.0,0.0,0.0,15,28,34
2025/26,2026-03-04,Everton,Burnley,,,,,,,0.0,0.0,0.0,0.0,0.0,0.0,0.0,0.0,0.0,0.0,0.0,0.0,2026-03-04,,,,0.0,0.0,0.0,0.0,1.0,1.0,1.0,1.0,0.5263157894736842,0.05263157894736842,0.42105263157894735,1.6111111111111112,0.9444444444444444,15,18,11
2025/26,2026-03-04,Brighton,Arsenal,,,,,,,0.0,0.0,0.0,0.0,0.0,0.0,0.0,0.0,0.0,0.0,0.0,0.0,2026-03-04,,,,0.0,0.0,0.0,0.0,1.0,1.0,1.0,1.0,0.29411764705882354,0.29411764705882354,0.4117647058823529,1.0625,1.375,15,10,1
2025/26,2026-03-04,Aston Villa,Chelsea,,,,,,,0.0,0.0,0.0,0.0,0.0,0.0,0.0,0.0,0.0,0.0,0.0,0.0,2026-03-04,,,,0.0,0.0,0.0,0.0,1.0,1.0,1.0,1.0,0.22727272727272727,0.25,0.5227272727272727,1.0232558139534884,1.8372093023255813,15,2,14
2025/26,2026-03-04,AFC Bournemouth,Brentford,,,,,,,0.0,0.0,0.0,0.0,0.0,0.0,0.0,0.0,0.0,0.0,0.0,0.0,2026-03-04,,,,0.0,0.0,0.0,0.0,1.0,1.0,1.0,1.0,0.0,0.0,1.0,0.0,0.0,15,0,9
2025/26,2026-03-04,Fulham,West Ham,,,,,,,0.0,0.0,0.0,0.0,0.0,0.0,0.0,0.0,0.0,0.0,0.0,0.0,2026-03-04,,,,0.0,0.0,0.0,0.0,1.0,1.0,1.0,1.0,0.1935483870967742,0.22580645161290322,0.5806451612903226,1.1666666666666667,1.6,15,19,47
2025/26,2026-03-14,West Ham,Man City,,,,,,,0.0,0.0,0.0,0.0,0.0,0.0,0.0,0.0,0.0,0.0,0.0,0.0,2026-03-14,,,,0.0,0.0,0.0,0.0,1.0,1.0,1.0,1.0,0.13953488372093023,0.16279069767441862,0.6976744186046512,0.7857142857142857,2.0238095238095237,15,47,28
2025/26,2026-03-14,Sunderland,Brighton,,,,,,,0.0,0.0,0.0,0.0,0.0,0.0,0.0,0.0,0.0,0.0,0.0,0.0,2026-03-14,,,,0.0,0.0,0.0,0.0,1.0,1.0,1.0,1.0,0.0,0.0,1.0,0.0,0.0,15,41,10
2025/26,2026-03-14,Nottingham Forest,Fulham,,,,,,,0.0,0.0,0.0,0.0,0.0,0.0,0.0,0.0,0.0,0.0,0.0,0.0,2026-03-14,,,,0.0,0.0,0.0,0.0,1.0,1.0,1.0,1.0,0.0,0.0,1.0,0.0,0.0,15,34,19
2025/26,2026-03-14,Man United,Aston Villa,,,,,,,0.0,0.0,0.0,0.0,0.0,0.0,0.0,0.0,0.0,0.0,0.0,0.0,2026-03-14,,,,0.0,0.0,0.0,0.0,1.0,1.0,1.0,1.0,0.6976744186046512,0.20930232558139536,0.09302325581395349,2.0,0.7142857142857143,15,29,2
2025/26,2026-03-14,Liverpool,Tottenham,,,,,,,0.0,0.0,0.0,0.0,0.0,0.0,0.0,0.0,0.0,0.0,0.0,0.0,2026-03-14,,,,0.0,0.0,0.0,0.0,1.0,1.0,1.0,1.0,0.5294117647058824,0.23529411764705882,0.23529411764705882,1.88,1.22,15,26,44
2025/26,2026-03-14,Crystal Palace,Leeds,,,,,,,0.0,0.0,0.0,0.0,0.0,0.0,0.0,0.0,0.0,0.0,0.0,0.0,2026-03-14,,,,0.0,0.0,0.0,0.0,1.0,1.0,1.0,1.0,0.42857142857142855,0.14285714285714285,0.42857142857142855,1.8333333333333333,1.0,15,16,24
2025/26,2026-03-14,Burnley,AFC Bournemouth,,,,,,,0.0,0.0,0.0,0.0,0.0,0.0,0.0,0.0,0.0,0.0,0.0,0.0,2026-03-14,,,,0.0,0.0,0.0,0.0,1.0,1.0,1.0,1.0,0.0,0.0,1.0,0.0,0.0,15,11,0
2025/26,2026-03-14,Arsenal,Everton,,,,,,,0.0,0.0,0.0,0.0,0.0,0.0,0.0,0.0,0.0,0.0,0.0,0.0,2026-03-14,,,,0.0,0.0,0.0,0.0,1.0,1.0,1.0,1.0,0.54,0.22,0.24,1.816326530612245,1.0,15,1,18
2025/26,2026-03-14,Chelsea,Newcastle,,,,,,,0.0,0.0,0.0,0.0,0.0,0.0,0.0,0.0,0.0,0.0,0.0,0.0,2026-03-14,,,,0.0,0.0,0.0,0.0,1.0,1.0,1.0,1.0,0.5555555555555556,0.17777777777777778,0.26666666666666666,1.7272727272727273,0.9090909090909091,15,14,31
2025/26,2026-03-14,Brentford,Wolves,,,,,,,0.0,0.0,0.0,0.0,0.0,0.0,0.0,0.0,0.0,0.0,0.0,0.0,2026-03-14,,,,0.0,0.0,0.0,0.0,1.0,1.0,1.0,1.0,0.375,0.125,0.5,1.7142857142857142,1.7142857142857142,15,9,49
2025/26,2026-03-21,AFC Bournemouth,Man United,,,,,,,0.0,0.0,0.0,0.0,0.0,0.0,0.0,0.0,0.0,0.0,0.0,0.0,2026-03-21,,,,0.0,0.0,0.0,0.0,1.0,1.0,1.0,1.0,0.0,0.0,1.0,0.0,0.0,16,0,29
2025/26,2026-03-21,Aston Villa,West Ham,,,,,,,0.0,0.0,0.0,0.0,0.0,0.0,0.0,0.0,0.0,0.0,0.0,0.0,2026-03-21,,,,0.0,0.0,0.0,0.0,1.0,1.0,1.0,1.0,0.28205128205128205,0.41025641025641024,0.3076923076923077,1.1578947368421053,1.2105263157894737,16,2,47
2025/26,2026-03-21,Brighton,Liverpool,,,,,,,0.0,0.0,0.0,0.0,0.0,0.0,0.0,0.0,0.0,0.0,0.0,0.0,2026-03-21,,,,0.0,0.0,0.0,0.0,1.0,1.0,1.0,1.0,0.125,0.25,0.625,1.1333333333333333,2.0,16,10,26
2025/26,2026-03-21,Everton,Chelsea,,,,,,,0.0,0.0,0.0,0.0,0.0,0.0,0.0,0.0,0.0,0.0,0.0,0.0,2026-03-21,,,,0.0,0.0,0.0,0.0,1.0,1.0,1.0,1.0,0.22,0.28,0.5,0.8979591836734694,1.5918367346938775,16,18,14
2025/26,2026-03-21,Fulham,Burnley,,,,,,,0.0,0.0,0.0,0.0,0.0,0.0,0.0,0.0,0.0,0.0,0.0,0.0,2026-03-21,,,,0.0,0.0,0.0,0.0,1.0,1.0,1.0,1.0,0.2222222222222222,0.3333333333333333,0.4444444444444444,1.5,1.5,16,19,11
2025/26,2026-03-21,Leeds,Brentford,,,,,,,0.0,0.0,0.0,0.0,0.0,0.0,0.0,0.0,0.0,0.0,0.0,0.0,2026-03-21,,,,0.0,0.0,0.0,0.0,1.0,1.0,1.0,1.0,0.2,0.4,0.4,1.5,2.0,16,24,9
2025/26,2026-03-21,Man City,Crystal Palace,,,,,,,0.0,0.0,0.0,0.0,0.0,0.0,0.0,0.0,0.0,0.0,0.0,0.0,2026-03-21,,,,0.0,0.0,0.0,0.0,1.0,1.0,1.0,1.0,0.6666666666666666,0.18518518518518517,0.14814814814814814,2.3846153846153846,0.8846153846153846,16,28,16
2025/26,2026-03-21,Newcastle,Sunderland,,,,,,,0.0,0.0,0.0,0.0,0.0,0.0,0.0,0.0,0.0,0.0,0.0,0.0,2026-03-21,,,,0.0,0.0,0.0,0.0,1.0,1.0,1.0,1.0,0.32,0.32,0.36,1.25,1.2083333333333333,16,31,41
2025/26,2026-03-21,Tottenham,Nottingham Forest,,,,,,,0.0,0.0,0.0,0.0,0.0,0.0,0.0,0.0,0.0,0.0,0.0,0.0,2026-03-21,,,,0.0,0.0,0.0,0.0,1.0,1.0,1.0,1.0,0.0,0.0,1.0,0.0,0.0,16,44,34
2025/26,2026-03-21,Wolves,Arsenal,,,,,,,0.0,0.0,0.0,0.0,0.0,0.0,0.0,0.0,0.0,0.0,0.0,0.0,2026-03-21,,,,0.0,0.0,0.0,0.0,1.0,1.0,1.0,1.0,0.13043478260869565,0.13043478260869565,0.7391304347826086,0.6363636363636364,1.9545454545454546,16,49,1
2025/26,2026-04-11,Man United,Leeds,,,,,,,0.0,0.0,0.0,0.0,0.0,0.0,0.0,0.0,0.0,0.0,0.0,0.0,2026-04-11,,,,0.0,0.0,0.0,0.0,1.0,1.0,1.0,1.0,0.5333333333333333,0.3333333333333333,0.13333333333333333,2.2857142857142856,1.0714285714285714,16,29,24
2025/26,2026-04-11,West Ham,Wolves,,,,,,,0.0,0.0,0.0,0.0,0.0,0.0,0.0,0.0,0.0,0.0,0.0,0.0,2026-04-11,,,,0.0,0.0,0.0,0.0,1.0,1.0,1.0,1.0,0.47368421052631576,0.05263157894736842,0.47368421052631576,1.2777777777777777,1.0555555555555556,16,47,49
2025/26,2026-04-11,Sunderland,Tottenham,,,,,,,0.0,0.0,0.0,0.0,0.0,0.0,0.0,0.0,0.0,0.0,0.0,0.0,2026-04-11,,,,0.0,0.0,0.0,0.0,1.0,1.0,1.0,1.0,0.13793103448275862,0.20689655172413793,0.6551724137931034,0.9642857142857143,1.7142857142857142,16,41,44
2025/26,2026-04-11,Nottingham Forest,Aston Villa,,,,,,,0.0,0.0,0.0,0.0,0.0,0.0,0.0,0.0,0.0,0.0,0.0,0.0,2026-04-11,,,,0.0,0.0,0.0,0.0,1.0,1.0,1.0,1.0,0.0,0.0,1.0,0.0,0.0,16,34,2
2025/26,2026-04-11,Liverpool,Fulham,,,,,,,0.0,0.0,0.0,0.0,0.0,0.0,0.0,0.0,0.0,0.0,0.0,0.0,2026-04-11,,,,0.0,0.0,0.0,0.0,1.0,1.0,1.0,1.0,0.5833333333333334,0.16666666666666666,0.25,1.9714285714285715,1.0,16,26,19
2025/26,2026-04-11,Chelsea,Man City,,,,,,,0.0,0.0,0.0,0.0,0.0,0.0,0.0,0.0,0.0,0.0,0.0,0.0,2026-04-11,,,,0.0,0.0,0.0,0.0,1.0,1.0,1.0,1.0,0.46938775510204084,0.12244897959183673,0.40816326530612246,1.3541666666666667,1.1666666666666667,16,14,28
2025/26,2026-04-11,Burnley,Brighton,,,,,,,0.0,0.0,0.0,0.0,0.0,0.0,0.0,0.0,0.0,0.0,0.0,0.0,2026-04-11,,,,0.0,0.0,0.0,0.0,1.0,1.0,1.0,1.0,0.23076923076923078,0.5384615384615384,0.23076923076923078,1.0833333333333333,0.75,16,11,10
2025/26,2026-04-11,Brentford,Everton,,,,,,,0.0,0.0,0.0,0.0,0.0,0.0,0.0,0.0,0.0,0.0,0.0,0.0,2026-04-11,,,,0.0,0.0,0.0,0.0,1.0,1.0,1.0,1.0,0.2222222222222222,0.3333333333333333,0.4444444444444444,0.875,1.125,16,9,18
2025/26,2026-04-11,Arsenal,AFC Bournemouth,,,,,,,0.0,0.0,0.0,0.0,0.0,0.0,0.0,0.0,0.0,0.0,0.0,0.0,2026-04-11,,,,0.0,0.0,0.0,0.0,1.0,1.0,1.0,1.0,0.0,0.0,1.0,0.0,0.0,16,1,0
2025/26,2026-04-11,Crystal Palace,Newcastle,,,,,,,0.0,0.0,0.0,0.0,0.0,0.0,0.0,0.0,0.0,0.0,0.0,0.0,2026-04-11,,,,0.0,0.0,0.0,0.0,1.0,1.0,1.0,1.0,0.20833333333333334,0.3333333333333333,0.4583333333333333,0.782608695652174,1.3043478260869565,16,16,31
2025/26,2026-04-18,Everton,Liverpool,,,,,,,0.0,0.0,0.0,0.0,0.0,0.0,0.0,0.0,0.0,0.0,0.0,0.0,2026-04-18,,,,0.0,0.0,0.0,0.0,1.0,1.0,1.0,1.0,0.09803921568627451,0.37254901960784315,0.5294117647058824,0.78,1.6,17,18,26
2025/26,2026-04-18,Aston Villa,Sunderland,,,,,,,0.0,0.0,0.0,0.0,0.0,0.0,0.0,0.0,0.0,0.0,0.0,0.0,2026-04-18,,,,0.0,0.0,0.0,0.0,1.0,1.0,1.0,1.0,0.37037037037037035,0.4074074074074074,0.2222222222222222,1.2692307692307692,0.7692307692307693,17,2,41
2025/26,2026-04-18,Brentford,Fulham,,,,,,,0.0,0.0,0.0,0.0,0.0,0.0,0.0,0.0,0.0,0.0,0.0,0.0,2026-04-18,,,,0.0,0.0,0.0,0.0,1.0,1.0,1.0,1.0,0.3333333333333333,0.16666666666666666,0.5,1.8,1.4,17,9,19
2025/26,2026-04-18,Chelsea,Man United,,,,,,,0.0,0.0,0.0,0.0,0.0,0.0,0.0,0.0,0.0,0.0,0.0,0.0,2026-04-18,,,,0.0,0.0,0.0,0.0,1.0,1.0,1.0,1.0,0.2857142857142857,0.40816326530612246,0.30612244897959184,1.2083333333333333,1.3125,17,14,29
2025/26,2026-04-18,Crystal Palace,West Ham,,,,,,,0.0,0.0,0.0,0.0,0.0,0.0,0.0,0.0,0.0,0.0,0.0,0.0,2026-04-18,,,,0.0,0.0,0.0,0.0,1.0,1.0,1.0,1.0,0.36,0.28,0.36,1.6666666666666667,1.6666666666666667,17,16,47
2025/26,2026-04-18,Leeds,Wolves,,,,,,,0.0,0.0,0.0,0.0,0.0,0.0,0.0,0.0,0.0,0.0,0.0,0.0,2026-04-18,,,,0.0,0.0,0.0,0.0,1.0,1.0,1.0,1.0,0.4444444444444444,0.1111111111111111,0.4444444444444444,1.875,1.5,17,24,49
2025/26,2026-04-18,Man City,Arsenal,,,,,,,0.0,0.0,0.0,0.0,0.0,0.0,0.0,0.0,0.0,0.0,0.0,0.0,2026-04-18,,,,0.0,0.0,0.0,0.0,1.0,1.0,1.0,1.0,0.3877551020408163,0.20408163265306123,0.40816326530612246,1.5,1.4583333333333333,17,28,1
2025/26,2026-04-18,Newcastle,AFC Bournemouth,,,,,,,0.0,0.0,0.0,0.0,0.0,0.0,0.0,0.0,0.0,0.0,0.0,0.0,2026-04-18,,,,0.0,0.0,0.0,0.0,1.0,1.0,1.0,1.0,0.0,0.0,1.0,0.0,0.0,17,31,0
2025/26,2026-04-18,Nottingham Forest,Burnley,,,,,,,0.0,0.0,0.0,0.0,0.0,0.0,0.0,0.0,0.0,0.0,0.0,0.0,2026-04-18,,,,0.0,0.0,0.0,0.0,1.0,1.0,1.0,1.0,0.0,0.0,1.0,0.0,0.0,17,34,11
2025/26,2026-04-18,Tottenham,Brighton,,,,,,,0.0,0.0,0.0,0.0,0.0,0.0,0.0,0.0,0.0,0.0,0.0,0.0,2026-04-18,,,,0.0,0.0,0.0,0.0,1.0,1.0,1.0,1.0,0.5625,0.0625,0.375,1.4,1.2,17,44,10
2025/26,2026-04-25,Man United,Brentford,,,,,,,0.0,0.0,0.0,0.0,0.0,0.0,0.0,0.0,0.0,0.0,0.0,0.0,2026-04-25,,,,0.0,0.0,0.0,0.0,1.0,1.0,1.0,1.0,0.5555555555555556,0.1111111111111111,0.3333333333333333,1.875,1.5,17,29,9
2025/26,2026-04-25,Liverpool,Crystal Palace,,,,,,,0.0,0.0,0.0,0.0,0.0,0.0,0.0,0.0,0.0,0.0,0.0,0.0,2026-04-25,,,,0.0,0.0,0.0,0.0,1.0,1.0,1.0,1.0,0.64,0.12,0.24,2.2083333333333335,1.1666666666666667,17,26,16
2025/26,2026-04-25,West Ham,Everton,,,,,,,0.0,0.0,0.0,0.0,0.0,0.0,0.0,0.0,0.0,0.0,0.0,0.0,2026-04-25,,,,0.0,0.0,0.0,0.0,1.0,1.0,1.0,1.0,0.24444444444444444,0.26666666666666666,0.4888888888888889,0.9545454545454546,1.4545454545454546,17,47,18
2025/26,2026-04-25,Sunderland,Nottingham Forest,,,,,,,0.0,0.0,0.0,0.0,0.0,0.0,0.0,0.0,0.0,0.0,0.0,0.0,2026-04-25,,,,0.0,0.0,0.0,0.0,1.0,1.0,1.0,1.0,0.0,0.0,0.0,0.0,0.0,17,41,34
2025/26,2026-04-25,Wolves,Tottenham,,,,,,,0.0,0.0,0.0,0.0,0.0,0.0,0.0,0.0,0.0,0.0,0.0,0.0,2026-04-25,,,,0.0,0.0,0.0,0.0,1.0,1.0,1.0,1.0,0.42857142857142855,0.19047619047619047,0.38095238095238093,1.5238095238095237,1.5714285714285714,17,49,44
2025/26,2026-04-25,Fulham,Aston Villa,,,,,,,0.0,0.0,0.0,0.0,0.0,0.0,0.0,0.0,0.0,0.0,0.0,0.0,2026-04-25,,,,0.0,0.0,0.0,0.0,1.0,1.0,1.0,1.0,0.20588235294117646,0.3235294117647059,0.47058823529411764,0.9411764705882353,1.4411764705882353,17,19,2
2025/26,2026-04-25,Brighton,Chelsea,,,,,,,0.0,0.0,0.0,0.0,0.0,0.0,0.0,0.0,0.0,0.0,0.0,0.0,2026-04-25,,,,0.0,0.0,0.0,0.0,1.0,1.0,1.0,1.0,0.17647058823529413,0.23529411764705882,0.5882352941176471,1.1875,1.875,17,10,14
2025/26,2026-04-25,AFC Bournemouth,Leeds,,,,,,,0.0,0.0,0.0,0.0,0.0,0.0,0.0,0.0,0.0,0.0,0.0,0.0,2026-04-25,,,,0.0,0.0,0.0,0.0,1.0,1.0,1.0,1.0,0.0,0.0,1.0,0.0,0.0,17,0,24
2025/26,2026-04-25,Burnley,Man City,,,,,,,0.0,0.0,0.0,0.0,0.0,0.0,0.0,0.0,0.0,0.0,0.0,0.0,2026-04-25,,,,0.0,0.0,0.0,0.0,1.0,1.0,1.0,1.0,0.05263157894736842,0.15789473684210525,0.7894736842105263,0.6666666666666666,2.8333333333333335,17,11,28
2025/26,2026-04-25,Arsenal,Newcastle,,,,,,,0.0,0.0,0.0,0.0,0.0,0.0,0.0,0.0,0.0,0.0,0.0,0.0,2026-04-25,,,,0.0,0.0,0.0,0.0,1.0,1.0,1.0,1.0,0.6444444444444445,0.17777777777777778,0.17777777777777778,1.7727272727272727,0.6590909090909091,17,1,31
2025/26,2026-05-02,AFC Bournemouth,Crystal Palace,,,,,,,0.0,0.0,0.0,0.0,0.0,0.0,0.0,0.0,0.0,0.0,0.0,0.0,2026-05-02,,,,0.0,0.0,0.0,0.0,1.0,1.0,1.0,1.0,0.0,0.0,1.0,0.0,0.0,18,0,16
2025/26,2026-05-02,Arsenal,Fulham,,,,,,,0.0,0.0,0.0,0.0,0.0,0.0,0.0,0.0,0.0,0.0,0.0,0.0,2026-05-02,,,,0.0,0.0,0.0,0.0,1.0,1.0,1.0,1.0,0.6388888888888888,0.2222222222222222,0.1388888888888889,2.1714285714285713,0.8285714285714286,18,1,19
2025/26,2026-05-02,Aston Villa,Tottenham,,,,,,,0.0,0.0,0.0,0.0,0.0,0.0,0.0,0.0,0.0,0.0,0.0,0.0,2026-05-02,,,,0.0,0.0,0.0,0.0,1.0,1.0,1.0,1.0,0.23255813953488372,0.23255813953488372,0.5348837209302325,0.9047619047619048,1.619047619047619,18,2,44
2025/26,2026-05-02,Brentford,West Ham,,,,,,,0.0,0.0,0.0,0.0,0.0,0.0,0.0,0.0,0.0,0.0,0.0,0.0,2026-05-02,,,,0.0,0.0,0.0,0.0,1.0,1.0,1.0,1.0,0.6666666666666666,0.1111111111111111,0.2222222222222222,1.875,1.0,18,9,47
2025/26,2026-05-02,Chelsea,Nottingham Forest,,,,,,,0.0,0.0,0.0,0.0,0.0,0.0,0.0,0.0,0.0,0.0,0.0,0.0,2026-05-02,,,,0.0,0.0,0.0,0.0,1.0,1.0,1.0,1.0,0.0,0.0,1.0,0.0,0.0,18,14,34
2025/26,2026-05-02,Leeds,Burnley,,,,,,,0.0,0.0,0.0,0.0,0.0,0.0,0.0,0.0,0.0,0.0,0.0,0.0,2026-05-02,,,,0.0,0.0,0.0,0.0,1.0,1.0,1.0,1.0,0.6,0.2,0.2,2.25,0.5,18,24,11
2025/26,2026-05-02,Man United,Liverpool,,,,,,,0.0,0.0,0.0,0.0,0.0,0.0,0.0,0.0,0.0,0.0,0.0,0.0,2026-05-02,,,,0.0,0.0,0.0,0.0,1.0,1.0,1.0,1.0,0.4117647058823529,0.21568627450980393,0.37254901960784315,1.14,1.42,18,29,26
2025/26,2026-05-02,Newcastle,Brighton,,,,,,,0.0,0.0,0.0,0.0,0.0,0.0,0.0,0.0,0.0,0.0,0.0,0.0,2026-05-02,,,,0.0,0.0,0.0,0.0,1.0,1.0,1.0,1.0,0.11764705882352941,0.47058823529411764,0.4117647058823529,0.6875,1.125,18,31,10
2025/26,2026-05-02,Wolves,Sunderland,,,,,,,0.0,0.0,0.0,0.0,0.0,0.0,0.0,0.0,0.0,0.0,0.0,0.0,2026-05-02,,,,0.0,0.0,0.0,0.0,1.0,1.0,1.0,1.0,0.5714285714285714,0.14285714285714285,0.2857142857142857,2.0,1.6666666666666667,18,49,41
2025/26,2026-05-02,Everton,Man City,,,,,,,0.0,0.0,0.0,0.0,0.0,0.0,0.0,0.0,0.0,0.0,0.0,0.0,2026-05-02,,,,0.0,0.0,0.0,0.0,1.0,1.0,1.0,1.0,0.2916666666666667,0.20833333333333334,0.5,1.0,1.553191489361702,18,18,28
2025/26,2026-05-09,West Ham,Arsenal,,,,,,,0.0,0.0,0.0,0.0,0.0,0.0,0.0,0.0,0.0,0.0,0.0,0.0,2026-05-09,,,,0.0,0.0,0.0,0.0,1.0,1.0,1.0,1.0,0.15555555555555556,0.2,0.6444444444444445,0.9090909090909091,2.1363636363636362,18,47,1
2025/26,2026-05-09,Man City,Brentford,,,,,,,0.0,0.0,0.0,0.0,0.0,0.0,0.0,0.0,0.0,0.0,0.0,0.0,2026-05-09,,,,0.0,0.0,0.0,0.0,1.0,1.0,1.0,1.0,0.5555555555555556,0.1111111111111111,0.3333333333333333,1.5,0.875,18,28,9
2025/26,2026-05-09,Tottenham,Leeds,,,,,,,0.0,0.0,0.0,0.0,0.0,0.0,0.0,0.0,0.0,0.0,0.0,0.0,2026-05-09,,,,0.0,0.0,0.0,0.0,1.0,1.0,1.0,1.0,0.6,0.06666666666666667,0.3333333333333333,2.2857142857142856,1.4285714285714286,18,44,24
2025/26,2026-05-09,Sunderland,Man United,,,,,,,0.0,0.0,0.0,0.0,0.0,0.0,0.0,0.0,0.0,0.0,0.0,0.0,2026-05-09,,,,0.0,0.0,0.0,0.0,1.0,1.0,1.0,1.0,0.06896551724137931,0.1724137931034483,0.7586206896551724,0.5357142857142857,1.8214285714285714,18,41,29
2025/26,2026-05-09,Nottingham Forest,Newcastle,,,,,,,0.0,0.0,0.0,0.0,0.0,0.0,0.0,0.0,0.0,0.0,0.0,0.0,2026-05-09,,,,0.0,0.0,0.0,0.0,1.0,1.0,1.0,1.0,0.0,0.0,1.0,0.0,0.0,18,34,31
2025/26,2026-05-09,Liverpool,Chelsea,,,,,,,0.0,0.0,0.0,0.0,0.0,0.0,0.0,0.0,0.0,0.0,0.0,0.0,2026-05-09,,,,0.0,0.0,0.0,0.0,1.0,1.0,1.0,1.0,0.35294117647058826,0.29411764705882354,0.35294117647058826,1.2,1.2,18,26,14
2025/26,2026-05-09,Crystal Palace,Everton,,,,,,,0.0,0.0,0.0,0.0,0.0,0.0,0.0,0.0,0.0,0.0,0.0,0.0,2026-05-09,,,,0.0,0.0,0.0,0.0,1.0,1.0,1.0,1.0,0.1111111111111111,0.37037037037037035,0.5185185185185185,0.9615384615384616,1.6538461538461537,18,16,18
2025/26,2026-05-09,Burnley,Aston Villa,,,,,,,0.0,0.0,0.0,0.0,0.0,0.0,0.0,0.0,0.0,0.0,0.0,0.0,2026-05-09,,,,0.0,0.0,0.0,0.0,1.0,1.0,1.0,1.0,0.15384615384615385,0.38461538461538464,0.46153846153846156,1.3333333333333333,1.9166666666666667,18,11,2
2025/26,2026-05-09,Brighton,Wolves,,,,,,,0.0,0.0,0.0,0.0,0.0,0.0,0.0,0.0,0.0,0.0,0.0,0.0,2026-05-09,,,,0.0,0.0,0.0,0.0,1.0,1.0,1.0,1.0,0.35714285714285715,0.42857142857142855,0.21428571428571427,1.9230769230769231,1.0,18,10,49
2025/26,2026-05-09,Fulham,AFC Bournemouth,,,,,,,0.0,0.0,0.0,0.0,0.0,0.0,0.0,0.0,0.0,0.0,0.0,0.0,2026-05-09,,,,0.0,0.0,0.0,0.0,1.0,1.0,1.0,1.0,0.0,0.0,1.0,0.0,0.0,18,19,0
2025/26,2026-05-17,Wolves,Fulham,,,,,,,0.0,0.0,0.0,0.0,0.0,0.0,0.0,0.0,0.0,0.0,0.0,0.0,2026-05-17,,,,0.0,0.0,0.0,0.0,1.0,1.0,1.0,1.0,0.42105263157894735,0.3157894736842105,0.2631578947368421,1.2222222222222223,1.0555555555555556,19,49,19
2025/26,2026-05-17,Newcastle,West Ham,,,,,,,0.0,0.0,0.0,0.0,0.0,0.0,0.0,0.0,0.0,0.0,0.0,0.0,2026-05-17,,,,0.0,0.0,0.0,0.0,1.0,1.0,1.0,1.0,0.4634146341463415,0.2682926829268293,0.2682926829268293,1.825,1.35,19,31,47
2025/26,2026-05-17,Man United,Nottingham Forest,,,,,,,0.0,0.0,0.0,0.0,0.0,0.0,0.0,0.0,0.0,0.0,0.0,0.0,2026-05-17,,,,0.0,0.0,0.0,0.0,1.0,1.0,1.0,1.0,0.0,0.0,1.0,0.0,0.0,19,29,34
2025/26,2026-05-17,Leeds,Brighton,,,,,,,0.0,0.0,0.0,0.0,0.0,0.0,0.0,0.0,0.0,0.0,0.0,0.0,2026-05-17,,,,0.0,0.0,0.0,0.0,1.0,1.0,1.0,1.0,0.0,0.42857142857142855,0.5714285714285714,0.5,1.1666666666666667,19,24,10
2025/26,2026-05-17,Everton,Sunderland,,,,,,,0.0,0.0,0.0,0.0,0.0,0.0,0.0,0.0,0.0,0.0,0.0,0.0,2026-05-17,,,,0.0,0.0,0.0,0.0,1.0,1.0,1.0,1.0,0.5517241379310345,0.20689655172413793,0.2413793103448276,1.75,0.8571428571428571,19,18,41
2025/26,2026-05-17,Chelsea,Tottenham,,,,,,,0.0,0.0,0.0,0.0,0.0,0.0,0.0,0.0,0.0,0.0,0.0,0.0,2026-05-17,,,,0.0,0.0,0.0,0.0,1.0,1.0,1.0,1.0,0.54,0.28,0.18,1.8571428571428572,1.0204081632653061,19,14,44
2025/26,2026-05-17,Aston Villa,Liverpool,,,,,,,0.0,0.0,0.0,0.0,0.0,0.0,0.0,0.0,0.0,0.0,0.0,0.0,2026-05-17,,,,0.0,0.0,0.0,0.0,1.0,1.0,1.0,1.0,0.13636363636363635,0.25,0.6136363636363636,1.0,1.8604651162790697,19,2,26
2025/26,2026-05-17,Arsenal,Burnley,,,,,,,0.0,0.0,0.0,0.0,0.0,0.0,0.0,0.0,0.0,0.0,0.0,0.0,2026-05-17,,,,0.0,0.0,0.0,0.0,1.0,1.0,1.0,1.0,0.6842105263157895,0.21052631578947367,0.10526315789473684,1.9444444444444444,0.5,19,1,11
2025/26,2026-05-17,AFC Bournemouth,Man City,,,,,,,0.0,0.0,0.0,0.0,0.0,0.0,0.0,0.0,0.0,0.0,0.0,0.0,2026-05-17,,,,0.0,0.0,0.0,0.0,1.0,1.0,1.0,1.0,0.0,0.0,1.0,0.0,0.0,19,0,28
2025/26,2026-05-17,Brentford,Crystal Palace,,,,,,,0.0,0.0,0.0,0.0,0.0,0.0,0.0,0.0,0.0,0.0,0.0,0.0,2026-05-17,,,,0.0,0.0,0.0,0.0,1.0,1.0,1.0,1.0,0.2222222222222222,0.5555555555555556,0.2222222222222222,1.0,1.0,19,9,16
2025/26,2026-05-24,Man City,Aston Villa,,,,,,,0.0,0.0,0.0,0.0,0.0,0.0,0.0,0.0,0.0,0.0,0.0,0.0,2026-05-24,,,,0.0,0.0,0.0,0.0,1.0,1.0,1.0,1.0,0.6585365853658537,0.12195121951219512,0.21951219512195122,2.2,0.95,19,28,2
2025/26,2026-05-24,Sunderland,Chelsea,,,,,,,0.0,0.0,0.0,0.0,0.0,0.0,0.0,0.0,0.0,0.0,0.0,0.0,2026-05-24,,,,0.0,0.0,0.0,0.0,1.0,1.0,1.0,1.0,0.1724137931034483,0.06896551724137931,0.7586206896551724,1.1071428571428572,2.392857142857143,19,41,14
2025/26,2026-05-24,Nottingham Forest,AFC Bournemouth,,,,,,,0.0,0.0,0.0,0.0,0.0,0.0,0.0,0.0,0.0,0.0,0.0,0.0,2026-05-24,,,,0.0,0.0,0.0,0.0,1.0,1.0,1.0,1.0,0.0,0.0,1.0,0.0,0.0,19,34,0
2025/26,2026-05-24,Liverpool,Brentford,,,,,,,0.0,0.0,0.0,0.0,0.0,0.0,0.0,0.0,0.0,0.0,0.0,0.0,2026-05-24,,,,0.0,0.0,0.0,0.0,1.0,1.0,1.0,1.0,0.6666666666666666,0.1111111111111111,0.2222222222222222,2.375,0.875,19,26,9
2025/26,2026-05-24,Tottenham,Everton,,,,,,,0.0,0.0,0.0,0.0,0.0,0.0,0.0,0.0,0.0,0.0,0.0,0.0,2026-05-24,,,,0.0,0.0,0.0,0.0,1.0,1.0,1.0,1.0,0.44,0.38,0.18,1.6938775510204083,1.0,19,44,18
2025/26,2026-05-24,Crystal Palace,Arsenal,,,,,,,0.0,0.0,0.0,0.0,0.0,0.0,0.0,0.0,0.0,0.0,0.0,0.0,2026-05-24,,,,0.0,0.0,0.0,0.0,1.0,1.0,1.0,1.0,0.1111111111111111,0.2962962962962963,0.5925925925925926,1.1538461538461537,2.1923076923076925,19,16,1
2025/26,2026-05-24,Burnley,Wolves,,,,,,,0.0,0.0,0.0,0.0,0.0,0.0,0.0,0.0,0.0,0.0,0.0,0.0,2026-05-24,,,,0.0,0.0,0.0,0.0,1.0,1.0,1.0,1.0,0.3076923076923077,0.3076923076923077,0.38461538461538464,1.0833333333333333,0.8333333333333334,19,11,49
2025/26,2026-05-24,Brighton,Man United,,,,,,,0.0,0.0,0.0,0.0,0.0,0.0,0.0,0.0,0.0,0.0,0.0,0.0,2026-05-24,,,,0.0,0.0,0.0,0.0,1.0,1.0,1.0,1.0,0.47058823529411764,0.0,0.5294117647058824,1.5,1.5,19,10,29
2025/26,2026-05-24,Fulham,Newcastle,,,,,,,0.0,0.0,0.0,0.0,0.0,0.0,0.0,0.0,0.0,0.0,0.0,0.0,2026-05-24,,,,0.0,0.0,0.0,0.0,1.0,1.0,1.0,1.0,0.4117647058823529,0.14705882352941177,0.4411764705882353,1.1818181818181819,1.3333333333333333,19,19,31
2025/26,2026-05-24,West Ham,Leeds,,,,,,,0.0,0.0,0.0,0.0,0.0,0.0,0.0,0.0,0.0,0.0,0.0,0.0,2026-05-24,,,,0.0,0.0,0.0,0.0,1.0,1.0,1.0,1.0,0.38461538461538464,0.15384615384615385,0.46153846153846156,1.4166666666666667,1.5,19,47,24
